mesh1kmid,prefcode,citycode,year,month,dayflag,timezone,population
53393585,13,13113,2019,01,0,0,34195
53393585,13,13113,2019,01,0,1,26427
53393585,13,13113,2019,01,0,2,30387
53393585,13,13113,2019,01,1,0,76043
53393585,13,13113,2019,01,1,1,26823
53393585,13,13113,2019,01,1,2,51321
53393585,13,13113,2019,01,2,0,62544
53393585,13,13113,2019,01,2,1,26695
53393585,13,13113,2019,01,2,2,44568
53393586,13,13113,2019,01,0,0,30342
53393586,13,13113,2019,01,0,1,17436
53393586,13,13113,2019,01,0,2,23850
53393586,13,13113,2019,01,1,0,69243
53393586,13,13113,2019,01,1,1,19536
53393586,13,13113,2019,01,1,2,44964
53393586,13,13113,2019,01,2,0,56694
53393586,13,13113,2019,01,2,1,18859
53393586,13,13113,2019,01,2,2,38153
53393595,13,13113,2019,01,0,0,56245
53393595,13,13113,2019,01,0,1,23903
53393595,13,13113,2019,01,0,2,41127
53393595,13,13113,2019,01,1,0,71740
53393595,13,13113,2019,01,1,1,20718
53393595,13,13113,2019,01,1,2,49497
53393595,13,13113,2019,01,2,0,66742
53393595,13,13113,2019,01,2,1,21745
53393595,13,13113,2019,01,2,2,46797
53393596,13,13113,2019,01,0,0,68383
53393596,13,13113,2019,01,0,1,18730
53393596,13,13113,2019,01,0,2,42031
53393596,13,13113,2019,01,1,0,119611
53393596,13,13113,2019,01,1,1,20304
53393596,13,13113,2019,01,1,2,71846
53393596,13,13113,2019,01,2,0,103086
53393596,13,13113,2019,01,2,1,19796
53393596,13,13113,2019,01,2,2,62228
53394505,13,13113,2019,01,0,0,12646
53394505,13,13113,2019,01,0,1,6742
53394505,13,13113,2019,01,0,2,9126
53394505,13,13113,2019,01,1,0,12861
53394505,13,13113,2019,01,1,1,7828
53394505,13,13113,2019,01,1,2,11005
53394505,13,13113,2019,01,2,0,12792
53394505,13,13113,2019,01,2,1,7477
53394505,13,13113,2019,01,2,2,10399
53394506,13,13113,2019,01,0,0,46929
53394506,13,13113,2019,01,0,1,13084
53394506,13,13113,2019,01,0,2,26093
53394506,13,13113,2019,01,1,0,49507
53394506,13,13113,2019,01,1,1,11321
53394506,13,13113,2019,01,1,2,29536
53394506,13,13113,2019,01,2,0,48675
53394506,13,13113,2019,01,2,1,11890
53394506,13,13113,2019,01,2,2,28425
53393585,13,13113,2019,02,0,0,35889
53393585,13,13113,2019,02,0,1,26572
53393585,13,13113,2019,02,0,2,31547
53393585,13,13113,2019,02,1,0,82685
53393585,13,13113,2019,02,1,1,28319
53393585,13,13113,2019,02,1,2,55787
53393585,13,13113,2019,02,2,0,67643
53393585,13,13113,2019,02,2,1,27757
53393585,13,13113,2019,02,2,2,47996
53393586,13,13113,2019,02,0,0,35597
53393586,13,13113,2019,02,0,1,18538
53393586,13,13113,2019,02,0,2,26873
53393586,13,13113,2019,02,1,0,76994
53393586,13,13113,2019,02,1,1,20572
53393586,13,13113,2019,02,1,2,49576
53393586,13,13113,2019,02,2,0,63688
53393586,13,13113,2019,02,2,1,19918
53393586,13,13113,2019,02,2,2,42278
53393595,13,13113,2019,02,0,0,63540
53393595,13,13113,2019,02,0,1,26138
53393595,13,13113,2019,02,0,2,46425
53393595,13,13113,2019,02,1,0,77192
53393595,13,13113,2019,02,1,1,21888
53393595,13,13113,2019,02,1,2,53177
53393595,13,13113,2019,02,2,0,72804
53393595,13,13113,2019,02,2,1,23254
53393595,13,13113,2019,02,2,2,51007
53393596,13,13113,2019,02,0,0,81559
53393596,13,13113,2019,02,0,1,19839
53393596,13,13113,2019,02,0,2,48780
53393596,13,13113,2019,02,1,0,132571
53393596,13,13113,2019,02,1,1,22091
53393596,13,13113,2019,02,1,2,79972
53393596,13,13113,2019,02,2,0,116174
53393596,13,13113,2019,02,2,1,21367
53393596,13,13113,2019,02,2,2,69946
53394505,13,13113,2019,02,0,0,13082
53394505,13,13113,2019,02,0,1,7202
53394505,13,13113,2019,02,0,2,9805
53394505,13,13113,2019,02,1,0,13681
53394505,13,13113,2019,02,1,1,8122
53394505,13,13113,2019,02,1,2,11713
53394505,13,13113,2019,02,2,0,13489
53394505,13,13113,2019,02,2,1,7827
53394505,13,13113,2019,02,2,2,11100
53394506,13,13113,2019,02,0,0,43091
53394506,13,13113,2019,02,0,1,11712
53394506,13,13113,2019,02,0,2,24477
53394506,13,13113,2019,02,1,0,48112
53394506,13,13113,2019,02,1,1,11384
53394506,13,13113,2019,02,1,2,29807
53394506,13,13113,2019,02,2,0,46498
53394506,13,13113,2019,02,2,1,11489
53394506,13,13113,2019,02,2,2,28094
53393585,13,13113,2019,03,0,0,36039
53393585,13,13113,2019,03,0,1,27283
53393585,13,13113,2019,03,0,2,32094
53393585,13,13113,2019,03,1,0,80591
53393585,13,13113,2019,03,1,1,27651
53393585,13,13113,2019,03,1,2,54455
53393585,13,13113,2019,03,2,0,64782
53393585,13,13113,2019,03,2,1,27521
53393585,13,13113,2019,03,2,2,46520
53393586,13,13113,2019,03,0,0,34581
53393586,13,13113,2019,03,0,1,17405
53393586,13,13113,2019,03,0,2,25890
53393586,13,13113,2019,03,1,0,76962
53393586,13,13113,2019,03,1,1,19517
53393586,13,13113,2019,03,1,2,48975
53393586,13,13113,2019,03,2,0,61924
53393586,13,13113,2019,03,2,1,18768
53393586,13,13113,2019,03,2,2,40784
53393595,13,13113,2019,03,0,0,65074
53393595,13,13113,2019,03,0,1,26493
53393595,13,13113,2019,03,0,2,47007
53393595,13,13113,2019,03,1,0,80313
53393595,13,13113,2019,03,1,1,22348
53393595,13,13113,2019,03,1,2,55279
53393595,13,13113,2019,03,2,0,74906
53393595,13,13113,2019,03,2,1,23819
53393595,13,13113,2019,03,2,2,52344
53393596,13,13113,2019,03,0,0,81931
53393596,13,13113,2019,03,0,1,20354
53393596,13,13113,2019,03,0,2,48990
53393596,13,13113,2019,03,1,0,132238
53393596,13,13113,2019,03,1,1,22688
53393596,13,13113,2019,03,1,2,80011
53393596,13,13113,2019,03,2,0,114387
53393596,13,13113,2019,03,2,1,21860
53393596,13,13113,2019,03,2,2,69003
53394505,13,13113,2019,03,0,0,18860
53394505,13,13113,2019,03,0,1,8553
53394505,13,13113,2019,03,0,2,12658
53394505,13,13113,2019,03,1,0,13947
53394505,13,13113,2019,03,1,1,8400
53394505,13,13113,2019,03,1,2,11892
53394505,13,13113,2019,03,2,0,15690
53394505,13,13113,2019,03,2,1,8454
53394505,13,13113,2019,03,2,2,12164
53394506,13,13113,2019,03,0,0,48660
53394506,13,13113,2019,03,0,1,12373
53394506,13,13113,2019,03,0,2,27113
53394506,13,13113,2019,03,1,0,52859
53394506,13,13113,2019,03,1,1,12133
53394506,13,13113,2019,03,1,2,32370
53394506,13,13113,2019,03,2,0,51369
53394506,13,13113,2019,03,2,1,12219
53394506,13,13113,2019,03,2,2,30504
53393585,13,13113,2019,04,0,0,35224
53393585,13,13113,2019,04,0,1,26528
53393585,13,13113,2019,04,0,2,31346
53393585,13,13113,2019,04,1,0,79963
53393585,13,13113,2019,04,1,1,28370
53393585,13,13113,2019,04,1,2,54165
53393585,13,13113,2019,04,2,0,65050
53393585,13,13113,2019,04,2,1,27756
53393585,13,13113,2019,04,2,2,46559
53393586,13,13113,2019,04,0,0,33887
53393586,13,13113,2019,04,0,1,17170
53393586,13,13113,2019,04,0,2,25525
53393586,13,13113,2019,04,1,0,79262
53393586,13,13113,2019,04,1,1,20222
53393586,13,13113,2019,04,1,2,50289
53393586,13,13113,2019,04,2,0,64137
53393586,13,13113,2019,04,2,1,19205
53393586,13,13113,2019,04,2,2,42035
53393595,13,13113,2019,04,0,0,66972
53393595,13,13113,2019,04,0,1,26213
53393595,13,13113,2019,04,0,2,48331
53393595,13,13113,2019,04,1,0,79348
53393595,13,13113,2019,04,1,1,22330
53393595,13,13113,2019,04,1,2,54695
53393595,13,13113,2019,04,2,0,75223
53393595,13,13113,2019,04,2,1,23624
53393595,13,13113,2019,04,2,2,52574
53393596,13,13113,2019,04,0,0,81337
53393596,13,13113,2019,04,0,1,21752
53393596,13,13113,2019,04,0,2,50036
53393596,13,13113,2019,04,1,0,132145
53393596,13,13113,2019,04,1,1,23825
53393596,13,13113,2019,04,1,2,81095
53393596,13,13113,2019,04,2,0,115209
53393596,13,13113,2019,04,2,1,23134
53393596,13,13113,2019,04,2,2,70742
53394505,13,13113,2019,04,0,0,21250
53394505,13,13113,2019,04,0,1,8321
53394505,13,13113,2019,04,0,2,13194
53394505,13,13113,2019,04,1,0,14377
53394505,13,13113,2019,04,1,1,8421
53394505,13,13113,2019,04,1,2,12062
53394505,13,13113,2019,04,2,0,16668
53394505,13,13113,2019,04,2,1,8388
53394505,13,13113,2019,04,2,2,12439
53394506,13,13113,2019,04,0,0,50273
53394506,13,13113,2019,04,0,1,13315
53394506,13,13113,2019,04,0,2,28350
53394506,13,13113,2019,04,1,0,54057
53394506,13,13113,2019,04,1,1,13373
53394506,13,13113,2019,04,1,2,33419
53394506,13,13113,2019,04,2,0,52796
53394506,13,13113,2019,04,2,1,13353
53394506,13,13113,2019,04,2,2,31729
53393585,13,13113,2019,05,0,0,32173
53393585,13,13113,2019,05,0,1,24087
53393585,13,13113,2019,05,0,2,28816
53393585,13,13113,2019,05,1,0,79310
53393585,13,13113,2019,05,1,1,27186
53393585,13,13113,2019,05,1,2,53318
53393585,13,13113,2019,05,2,0,61063
53393585,13,13113,2019,05,2,1,25987
53393585,13,13113,2019,05,2,2,43833
53393586,13,13113,2019,05,0,0,31916
53393586,13,13113,2019,05,0,1,15925
53393586,13,13113,2019,05,0,2,23693
53393586,13,13113,2019,05,1,0,77931
53393586,13,13113,2019,05,1,1,19395
53393586,13,13113,2019,05,1,2,49390
53393586,13,13113,2019,05,2,0,60119
53393586,13,13113,2019,05,2,1,18052
53393586,13,13113,2019,05,2,2,39443
53393595,13,13113,2019,05,0,0,61486
53393595,13,13113,2019,05,0,1,23427
53393595,13,13113,2019,05,0,2,43572
53393595,13,13113,2019,05,1,0,79459
53393595,13,13113,2019,05,1,1,21723
53393595,13,13113,2019,05,1,2,53941
53393595,13,13113,2019,05,2,0,72502
53393595,13,13113,2019,05,2,1,22382
53393595,13,13113,2019,05,2,2,49927
53393596,13,13113,2019,05,0,0,73888
53393596,13,13113,2019,05,0,1,18882
53393596,13,13113,2019,05,0,2,44721
53393596,13,13113,2019,05,1,0,129548
53393596,13,13113,2019,05,1,1,22340
53393596,13,13113,2019,05,1,2,78932
53393596,13,13113,2019,05,2,0,108002
53393596,13,13113,2019,05,2,1,21002
53393596,13,13113,2019,05,2,2,65689
53394505,13,13113,2019,05,0,0,17646
53394505,13,13113,2019,05,0,1,7037
53394505,13,13113,2019,05,0,2,11199
53394505,13,13113,2019,05,1,0,13636
53394505,13,13113,2019,05,1,1,7526
53394505,13,13113,2019,05,1,2,11257
53394505,13,13113,2019,05,2,0,15188
53394505,13,13113,2019,05,2,1,7337
53394505,13,13113,2019,05,2,2,11235
53394506,13,13113,2019,05,0,0,47958
53394506,13,13113,2019,05,0,1,11747
53394506,13,13113,2019,05,0,2,26265
53394506,13,13113,2019,05,1,0,49507
53394506,13,13113,2019,05,1,1,11651
53394506,13,13113,2019,05,1,2,30575
53394506,13,13113,2019,05,2,0,48908
53394506,13,13113,2019,05,2,1,11688
53394506,13,13113,2019,05,2,2,28907
53393585,13,13113,2019,06,0,0,35806
53393585,13,13113,2019,06,0,1,25034
53393585,13,13113,2019,06,0,2,30662
53393585,13,13113,2019,06,1,0,77883
53393585,13,13113,2019,06,1,1,25746
53393585,13,13113,2019,06,1,2,52081
53393585,13,13113,2019,06,2,0,63858
53393585,13,13113,2019,06,2,1,25508
53393585,13,13113,2019,06,2,2,44941
53393586,13,13113,2019,06,0,0,34507
53393586,13,13113,2019,06,0,1,16592
53393586,13,13113,2019,06,0,2,25278
53393586,13,13113,2019,06,1,0,78154
53393586,13,13113,2019,06,1,1,19618
53393586,13,13113,2019,06,1,2,49459
53393586,13,13113,2019,06,2,0,63605
53393586,13,13113,2019,06,2,1,18610
53393586,13,13113,2019,06,2,2,41398
53393595,13,13113,2019,06,0,0,61561
53393595,13,13113,2019,06,0,1,24953
53393595,13,13113,2019,06,0,2,45058
53393595,13,13113,2019,06,1,0,80693
53393595,13,13113,2019,06,1,1,20921
53393595,13,13113,2019,06,1,2,54201
53393595,13,13113,2019,06,2,0,74315
53393595,13,13113,2019,06,2,1,22265
53393595,13,13113,2019,06,2,2,51153
53393596,13,13113,2019,06,0,0,79145
53393596,13,13113,2019,06,0,1,18833
53393596,13,13113,2019,06,0,2,47102
53393596,13,13113,2019,06,1,0,127618
53393596,13,13113,2019,06,1,1,21654
53393596,13,13113,2019,06,1,2,77490
53393596,13,13113,2019,06,2,0,111460
53393596,13,13113,2019,06,2,1,20713
53393596,13,13113,2019,06,2,2,67360
53394505,13,13113,2019,06,0,0,13438
53394505,13,13113,2019,06,0,1,6538
53394505,13,13113,2019,06,0,2,9688
53394505,13,13113,2019,06,1,0,14172
53394505,13,13113,2019,06,1,1,7388
53394505,13,13113,2019,06,1,2,11336
53394505,13,13113,2019,06,2,0,13927
53394505,13,13113,2019,06,2,1,7104
53394505,13,13113,2019,06,2,2,10787
53394506,13,13113,2019,06,0,0,42377
53394506,13,13113,2019,06,0,1,11195
53394506,13,13113,2019,06,0,2,24349
53394506,13,13113,2019,06,1,0,50141
53394506,13,13113,2019,06,1,1,11669
53394506,13,13113,2019,06,1,2,30633
53394506,13,13113,2019,06,2,0,47553
53394506,13,13113,2019,06,2,1,11511
53394506,13,13113,2019,06,2,2,28539
53393585,13,13113,2019,07,0,0,34673
53393585,13,13113,2019,07,0,1,25106
53393585,13,13113,2019,07,0,2,30010
53393585,13,13113,2019,07,1,0,80135
53393585,13,13113,2019,07,1,1,25657
53393585,13,13113,2019,07,1,2,52888
53393585,13,13113,2019,07,2,0,66937
53393585,13,13113,2019,07,2,1,25497
53393585,13,13113,2019,07,2,2,46246
53393586,13,13113,2019,07,0,0,34966
53393586,13,13113,2019,07,0,1,16713
53393586,13,13113,2019,07,0,2,25415
53393586,13,13113,2019,07,1,0,76293
53393586,13,13113,2019,07,1,1,19815
53393586,13,13113,2019,07,1,2,48691
53393586,13,13113,2019,07,2,0,64295
53393586,13,13113,2019,07,2,1,18914
53393586,13,13113,2019,07,2,2,41934
53393595,13,13113,2019,07,0,0,63278
53393595,13,13113,2019,07,0,1,24795
53393595,13,13113,2019,07,0,2,44898
53393595,13,13113,2019,07,1,0,81300
53393595,13,13113,2019,07,1,1,20532
53393595,13,13113,2019,07,1,2,54245
53393595,13,13113,2019,07,2,0,76068
53393595,13,13113,2019,07,2,1,21769
53393595,13,13113,2019,07,2,2,51531
53393596,13,13113,2019,07,0,0,76986
53393596,13,13113,2019,07,0,1,18035
53393596,13,13113,2019,07,0,2,45935
53393596,13,13113,2019,07,1,0,123695
53393596,13,13113,2019,07,1,1,20358
53393596,13,13113,2019,07,1,2,74932
53393596,13,13113,2019,07,2,0,110135
53393596,13,13113,2019,07,2,1,19683
53393596,13,13113,2019,07,2,2,66513
53394505,13,13113,2019,07,0,0,13021
53394505,13,13113,2019,07,0,1,6615
53394505,13,13113,2019,07,0,2,9740
53394505,13,13113,2019,07,1,0,13513
53394505,13,13113,2019,07,1,1,7410
53394505,13,13113,2019,07,1,2,11196
53394505,13,13113,2019,07,2,0,13370
53394505,13,13113,2019,07,2,1,7179
53394505,13,13113,2019,07,2,2,10773
53394506,13,13113,2019,07,0,0,43600
53394506,13,13113,2019,07,0,1,11776
53394506,13,13113,2019,07,0,2,25096
53394506,13,13113,2019,07,1,0,50232
53394506,13,13113,2019,07,1,1,11894
53394506,13,13113,2019,07,1,2,30755
53394506,13,13113,2019,07,2,0,48307
53394506,13,13113,2019,07,2,1,11860
53394506,13,13113,2019,07,2,2,29112
53393585,13,13113,2019,08,0,0,32908
53393585,13,13113,2019,08,0,1,24086
53393585,13,13113,2019,08,0,2,28794
53393585,13,13113,2019,08,1,0,76021
53393585,13,13113,2019,08,1,1,24718
53393585,13,13113,2019,08,1,2,50615
53393585,13,13113,2019,08,2,0,62114
53393585,13,13113,2019,08,2,1,24514
53393585,13,13113,2019,08,2,2,43576
53393586,13,13113,2019,08,0,0,33329
53393586,13,13113,2019,08,0,1,15878
53393586,13,13113,2019,08,0,2,24419
53393586,13,13113,2019,08,1,0,70428
53393586,13,13113,2019,08,1,1,18430
53393586,13,13113,2019,08,1,2,45005
53393586,13,13113,2019,08,2,0,58461
53393586,13,13113,2019,08,2,1,17606
53393586,13,13113,2019,08,2,2,38364
53393595,13,13113,2019,08,0,0,62339
53393595,13,13113,2019,08,0,1,24135
53393595,13,13113,2019,08,0,2,44254
53393595,13,13113,2019,08,1,0,80590
53393595,13,13113,2019,08,1,1,21302
53393595,13,13113,2019,08,1,2,53407
53393595,13,13113,2019,08,2,0,74702
53393595,13,13113,2019,08,2,1,22216
53393595,13,13113,2019,08,2,2,50454
53393596,13,13113,2019,08,0,0,75292
53393596,13,13113,2019,08,0,1,17186
53393596,13,13113,2019,08,0,2,45040
53393596,13,13113,2019,08,1,0,116929
53393596,13,13113,2019,08,1,1,19642
53393596,13,13113,2019,08,1,2,71302
53393596,13,13113,2019,08,2,0,103498
53393596,13,13113,2019,08,2,1,18850
53393596,13,13113,2019,08,2,2,62830
53394505,13,13113,2019,08,0,0,13331
53394505,13,13113,2019,08,0,1,7060
53394505,13,13113,2019,08,0,2,9822
53394505,13,13113,2019,08,1,0,12712
53394505,13,13113,2019,08,1,1,7518
53394505,13,13113,2019,08,1,2,10770
53394505,13,13113,2019,08,2,0,12912
53394505,13,13113,2019,08,2,1,7370
53394505,13,13113,2019,08,2,2,10464
53394506,13,13113,2019,08,0,0,44881
53394506,13,13113,2019,08,0,1,11738
53394506,13,13113,2019,08,0,2,25454
53394506,13,13113,2019,08,1,0,50469
53394506,13,13113,2019,08,1,1,11953
53394506,13,13113,2019,08,1,2,30233
53394506,13,13113,2019,08,2,0,48666
53394506,13,13113,2019,08,2,1,11884
53394506,13,13113,2019,08,2,2,28691
53393585,13,13113,2019,09,0,0,35994
53393585,13,13113,2019,09,0,1,25803
53393585,13,13113,2019,09,0,2,30786
53393585,13,13113,2019,09,1,0,82194
53393585,13,13113,2019,09,1,1,26306
53393585,13,13113,2019,09,1,2,54425
53393585,13,13113,2019,09,2,0,65254
53393585,13,13113,2019,09,2,1,26122
53393585,13,13113,2019,09,2,2,45758
53393586,13,13113,2019,09,0,0,35485
53393586,13,13113,2019,09,0,1,17300
53393586,13,13113,2019,09,0,2,26266
53393586,13,13113,2019,09,1,0,78870
53393586,13,13113,2019,09,1,1,19309
53393586,13,13113,2019,09,1,2,49880
53393586,13,13113,2019,09,2,0,62962
53393586,13,13113,2019,09,2,1,18572
53393586,13,13113,2019,09,2,2,41222
53393595,13,13113,2019,09,0,0,68994
53393595,13,13113,2019,09,0,1,27535
53393595,13,13113,2019,09,0,2,49246
53393595,13,13113,2019,09,1,0,85052
53393595,13,13113,2019,09,1,1,22252
53393595,13,13113,2019,09,1,2,57589
53393595,13,13113,2019,09,2,0,79164
53393595,13,13113,2019,09,2,1,24189
53393595,13,13113,2019,09,2,2,54530
53393596,13,13113,2019,09,0,0,84663
53393596,13,13113,2019,09,0,1,19170
53393596,13,13113,2019,09,0,2,49858
53393596,13,13113,2019,09,1,0,129756
53393596,13,13113,2019,09,1,1,20271
53393596,13,13113,2019,09,1,2,78289
53393596,13,13113,2019,09,2,0,113222
53393596,13,13113,2019,09,2,1,19867
53393596,13,13113,2019,09,2,2,67864
53394505,13,13113,2019,09,0,0,14568
53394505,13,13113,2019,09,0,1,6975
53394505,13,13113,2019,09,0,2,10280
53394505,13,13113,2019,09,1,0,13668
53394505,13,13113,2019,09,1,1,7961
53394505,13,13113,2019,09,1,2,11584
53394505,13,13113,2019,09,2,0,13998
53394505,13,13113,2019,09,2,1,7600
53394505,13,13113,2019,09,2,2,11106
53394506,13,13113,2019,09,0,0,49005
53394506,13,13113,2019,09,0,1,11093
53394506,13,13113,2019,09,0,2,27279
53394506,13,13113,2019,09,1,0,53556
53394506,13,13113,2019,09,1,1,12355
53394506,13,13113,2019,09,1,2,32446
53394506,13,13113,2019,09,2,0,51887
53394506,13,13113,2019,09,2,1,11893
53394506,13,13113,2019,09,2,2,30552
53393585,13,13113,2019,10,0,0,31885
53393585,13,13113,2019,10,0,1,23655
53393585,13,13113,2019,10,0,2,28268
53393585,13,13113,2019,10,1,0,82328
53393585,13,13113,2019,10,1,1,26449
53393585,13,13113,2019,10,1,2,54154
53393585,13,13113,2019,10,2,0,66056
53393585,13,13113,2019,10,2,1,25548
53393585,13,13113,2019,10,2,2,45804
53393586,13,13113,2019,10,0,0,33405
53393586,13,13113,2019,10,0,1,17416
53393586,13,13113,2019,10,0,2,25340
53393586,13,13113,2019,10,1,0,79292
53393586,13,13113,2019,10,1,1,20370
53393586,13,13113,2019,10,1,2,50387
53393586,13,13113,2019,10,2,0,64490
53393586,13,13113,2019,10,2,1,19417
53393586,13,13113,2019,10,2,2,42307
53393595,13,13113,2019,10,0,0,58118
53393595,13,13113,2019,10,0,1,26204
53393595,13,13113,2019,10,0,2,44668
53393595,13,13113,2019,10,1,0,83009
53393595,13,13113,2019,10,1,1,24120
53393595,13,13113,2019,10,1,2,56846
53393595,13,13113,2019,10,2,0,74980
53393595,13,13113,2019,10,2,1,24792
53393595,13,13113,2019,10,2,2,52917
53393596,13,13113,2019,10,0,0,70621
53393596,13,13113,2019,10,0,1,17915
53393596,13,13113,2019,10,0,2,43468
53393596,13,13113,2019,10,1,0,129765
53393596,13,13113,2019,10,1,1,22643
53393596,13,13113,2019,10,1,2,79558
53393596,13,13113,2019,10,2,0,110686
53393596,13,13113,2019,10,2,1,21118
53393596,13,13113,2019,10,2,2,67916
53394505,13,13113,2019,10,0,0,12924
53394505,13,13113,2019,10,0,1,6711
53394505,13,13113,2019,10,0,2,9402
53394505,13,13113,2019,10,1,0,12903
53394505,13,13113,2019,10,1,1,7123
53394505,13,13113,2019,10,1,2,10831
53394505,13,13113,2019,10,2,0,12910
53394505,13,13113,2019,10,2,1,6990
53394505,13,13113,2019,10,2,2,10370
53394506,13,13113,2019,10,0,0,38980
53394506,13,13113,2019,10,0,1,10975
53394506,13,13113,2019,10,0,2,23177
53394506,13,13113,2019,10,1,0,50538
53394506,13,13113,2019,10,1,1,12359
53394506,13,13113,2019,10,1,2,31133
53394506,13,13113,2019,10,2,0,46809
53394506,13,13113,2019,10,2,1,11913
53394506,13,13113,2019,10,2,2,28567
53393585,13,13113,2019,11,0,0,34575
53393585,13,13113,2019,11,0,1,24524
53393585,13,13113,2019,11,0,2,30344
53393585,13,13113,2019,11,1,0,81819
53393585,13,13113,2019,11,1,1,27810
53393585,13,13113,2019,11,1,2,54747
53393585,13,13113,2019,11,2,0,66071
53393585,13,13113,2019,11,2,1,26714
53393585,13,13113,2019,11,2,2,46613
53393586,13,13113,2019,11,0,0,40205
53393586,13,13113,2019,11,0,1,18633
53393586,13,13113,2019,11,0,2,29285
53393586,13,13113,2019,11,1,0,80166
53393586,13,13113,2019,11,1,1,21611
53393586,13,13113,2019,11,1,2,51469
53393586,13,13113,2019,11,2,0,66846
53393586,13,13113,2019,11,2,1,20618
53393586,13,13113,2019,11,2,2,44075
53393595,13,13113,2019,11,0,0,69682
53393595,13,13113,2019,11,0,1,28450
53393595,13,13113,2019,11,0,2,50617
53393595,13,13113,2019,11,1,0,84423
53393595,13,13113,2019,11,1,1,25914
53393595,13,13113,2019,11,1,2,58320
53393595,13,13113,2019,11,2,0,79509
53393595,13,13113,2019,11,2,1,26759
53393595,13,13113,2019,11,2,2,55752
53393596,13,13113,2019,11,0,0,91736
53393596,13,13113,2019,11,0,1,21773
53393596,13,13113,2019,11,0,2,55798
53393596,13,13113,2019,11,1,0,130402
53393596,13,13113,2019,11,1,1,25590
53393596,13,13113,2019,11,1,2,81509
53393596,13,13113,2019,11,2,0,117513
53393596,13,13113,2019,11,2,1,24318
53393596,13,13113,2019,11,2,2,72939
53394505,13,13113,2019,11,0,0,15587
53394505,13,13113,2019,11,0,1,7060
53394505,13,13113,2019,11,0,2,10589
53394505,13,13113,2019,11,1,0,13329
53394505,13,13113,2019,11,1,1,7421
53394505,13,13113,2019,11,1,2,11119
53394505,13,13113,2019,11,2,0,14081
53394505,13,13113,2019,11,2,1,7301
53394505,13,13113,2019,11,2,2,10942
53394506,13,13113,2019,11,0,0,46654
53394506,13,13113,2019,11,0,1,12205
53394506,13,13113,2019,11,0,2,27141
53394506,13,13113,2019,11,1,0,48069
53394506,13,13113,2019,11,1,1,13422
53394506,13,13113,2019,11,1,2,30746
53394506,13,13113,2019,11,2,0,47598
53394506,13,13113,2019,11,2,1,13017
53394506,13,13113,2019,11,2,2,29545
53393585,13,13113,2019,12,0,0,35322
53393585,13,13113,2019,12,0,1,26853
53393585,13,13113,2019,12,0,2,31776
53393585,13,13113,2019,12,1,0,77386
53393585,13,13113,2019,12,1,1,28144
53393585,13,13113,2019,12,1,2,53032
53393585,13,13113,2019,12,2,0,65174
53393585,13,13113,2019,12,2,1,27769
53393585,13,13113,2019,12,2,2,46861
53393586,13,13113,2019,12,0,0,41563
53393586,13,13113,2019,12,0,1,19889
53393586,13,13113,2019,12,0,2,30674
53393586,13,13113,2019,12,1,0,74695
53393586,13,13113,2019,12,1,1,21457
53393586,13,13113,2019,12,1,2,49057
53393586,13,13113,2019,12,2,0,65076
53393586,13,13113,2019,12,2,1,21002
53393586,13,13113,2019,12,2,2,43720
53393595,13,13113,2019,12,0,0,75514
53393595,13,13113,2019,12,0,1,31990
53393595,13,13113,2019,12,0,2,56265
53393595,13,13113,2019,12,1,0,84718
53393595,13,13113,2019,12,1,1,27008
53393595,13,13113,2019,12,1,2,60467
53393595,13,13113,2019,12,2,0,82046
53393595,13,13113,2019,12,2,1,28454
53393595,13,13113,2019,12,2,2,59247
53393596,13,13113,2019,12,0,0,89844
53393596,13,13113,2019,12,0,1,23361
53393596,13,13113,2019,12,0,2,56325
53393596,13,13113,2019,12,1,0,124174
53393596,13,13113,2019,12,1,1,25059
53393596,13,13113,2019,12,1,2,78616
53393596,13,13113,2019,12,2,0,114207
53393596,13,13113,2019,12,2,1,24566
53393596,13,13113,2019,12,2,2,72144
53394505,13,13113,2019,12,0,0,13815
53394505,13,13113,2019,12,0,1,6932
53394505,13,13113,2019,12,0,2,10380
53394505,13,13113,2019,12,1,0,12478
53394505,13,13113,2019,12,1,1,7342
53394505,13,13113,2019,12,1,2,10947
53394505,13,13113,2019,12,2,0,12866
53394505,13,13113,2019,12,2,1,7223
53394505,13,13113,2019,12,2,2,10782
53394506,13,13113,2019,12,0,0,51636
53394506,13,13113,2019,12,0,1,13418
53394506,13,13113,2019,12,0,2,30533
53394506,13,13113,2019,12,1,0,49779
53394506,13,13113,2019,12,1,1,13906
53394506,13,13113,2019,12,1,2,32182
53394506,13,13113,2019,12,2,0,50318
53394506,13,13113,2019,12,2,1,13764
53394506,13,13113,2019,12,2,2,31703
53393585,13,13113,2020,01,0,0,31863
53393585,13,13113,2020,01,0,1,24004
53393585,13,13113,2020,01,0,2,28435
53393585,13,13113,2020,01,1,0,75941
53393585,13,13113,2020,01,1,1,26598
53393585,13,13113,2020,01,1,2,50955
53393585,13,13113,2020,01,2,0,61722
53393585,13,13113,2020,01,2,1,25761
53393585,13,13113,2020,01,2,2,43691
53393586,13,13113,2020,01,0,0,33758
53393586,13,13113,2020,01,0,1,17605
53393586,13,13113,2020,01,0,2,25619
53393586,13,13113,2020,01,1,0,73200
53393586,13,13113,2020,01,1,1,20505
53393586,13,13113,2020,01,1,2,47434
53393586,13,13113,2020,01,2,0,60477
53393586,13,13113,2020,01,2,1,19570
53393586,13,13113,2020,01,2,2,40397
53393595,13,13113,2020,01,0,0,62706
53393595,13,13113,2020,01,0,1,26684
53393595,13,13113,2020,01,0,2,46064
53393595,13,13113,2020,01,1,0,80411
53393595,13,13113,2020,01,1,1,23963
53393595,13,13113,2020,01,1,2,54781
53393595,13,13113,2020,01,2,0,74700
53393595,13,13113,2020,01,2,1,24841
53393595,13,13113,2020,01,2,2,51969
53393596,13,13113,2020,01,0,0,73224
53393596,13,13113,2020,01,0,1,19739
53393596,13,13113,2020,01,0,2,45704
53393596,13,13113,2020,01,1,0,119574
53393596,13,13113,2020,01,1,1,23820
53393596,13,13113,2020,01,1,2,74285
53393596,13,13113,2020,01,2,0,104622
53393596,13,13113,2020,01,2,1,22504
53393596,13,13113,2020,01,2,2,65065
53394505,13,13113,2020,01,0,0,12602
53394505,13,13113,2020,01,0,1,6590
53394505,13,13113,2020,01,0,2,9155
53394505,13,13113,2020,01,1,0,12649
53394505,13,13113,2020,01,1,1,6739
53394505,13,13113,2020,01,1,2,10453
53394505,13,13113,2020,01,2,0,12634
53394505,13,13113,2020,01,2,1,6691
53394505,13,13113,2020,01,2,2,10034
53394506,13,13113,2020,01,0,0,48635
53394506,13,13113,2020,01,0,1,14566
53394506,13,13113,2020,01,0,2,28623
53394506,13,13113,2020,01,1,0,46773
53394506,13,13113,2020,01,1,1,13304
53394506,13,13113,2020,01,1,2,29723
53394506,13,13113,2020,01,2,0,47374
53394506,13,13113,2020,01,2,1,13711
53394506,13,13113,2020,01,2,2,29368
53393585,13,13113,2020,02,0,0,34824
53393585,13,13113,2020,02,0,1,25795
53393585,13,13113,2020,02,0,2,30601
53393585,13,13113,2020,02,1,0,81026
53393585,13,13113,2020,02,1,1,28536
53393585,13,13113,2020,02,1,2,54426
53393585,13,13113,2020,02,2,0,63501
53393585,13,13113,2020,02,2,1,27496
53393585,13,13113,2020,02,2,2,45389
53393586,13,13113,2020,02,0,0,37616
53393586,13,13113,2020,02,0,1,18832
53393586,13,13113,2020,02,0,2,28258
53393586,13,13113,2020,02,1,0,78628
53393586,13,13113,2020,02,1,1,21881
53393586,13,13113,2020,02,1,2,51239
53393586,13,13113,2020,02,2,0,63072
53393586,13,13113,2020,02,2,1,20724
53393586,13,13113,2020,02,2,2,42522
53393595,13,13113,2020,02,0,0,65248
53393595,13,13113,2020,02,0,1,26228
53393595,13,13113,2020,02,0,2,47541
53393595,13,13113,2020,02,1,0,83673
53393595,13,13113,2020,02,1,1,24529
53393595,13,13113,2020,02,1,2,57288
53393595,13,13113,2020,02,2,0,76684
53393595,13,13113,2020,02,2,1,25173
53393595,13,13113,2020,02,2,2,53590
53393596,13,13113,2020,02,0,0,78041
53393596,13,13113,2020,02,0,1,20656
53393596,13,13113,2020,02,0,2,48465
53393596,13,13113,2020,02,1,0,124477
53393596,13,13113,2020,02,1,1,25279
53393596,13,13113,2020,02,1,2,77899
53393596,13,13113,2020,02,2,0,106864
53393596,13,13113,2020,02,2,1,23525
53393596,13,13113,2020,02,2,2,66734
53394505,13,13113,2020,02,0,0,12727
53394505,13,13113,2020,02,0,1,6846
53394505,13,13113,2020,02,0,2,9474
53394505,13,13113,2020,02,1,0,12988
53394505,13,13113,2020,02,1,1,7878
53394505,13,13113,2020,02,1,2,11090
53394505,13,13113,2020,02,2,0,12889
53394505,13,13113,2020,02,2,1,7487
53394505,13,13113,2020,02,2,2,10477
53394506,13,13113,2020,02,0,0,42496
53394506,13,13113,2020,02,0,1,12775
53394506,13,13113,2020,02,0,2,26096
53394506,13,13113,2020,02,1,0,46970
53394506,13,13113,2020,02,1,1,13653
53394506,13,13113,2020,02,1,2,30139
53394506,13,13113,2020,02,2,0,45273
53394506,13,13113,2020,02,2,1,13320
53394506,13,13113,2020,02,2,2,28606
53393585,13,13113,2020,03,0,0,31094
53393585,13,13113,2020,03,0,1,25008
53393585,13,13113,2020,03,0,2,28063
53393585,13,13113,2020,03,1,0,74391
53393585,13,13113,2020,03,1,1,27318
53393585,13,13113,2020,03,1,2,50282
53393585,13,13113,2020,03,2,0,60424
53393585,13,13113,2020,03,2,1,26573
53393585,13,13113,2020,03,2,2,43115
53393586,13,13113,2020,03,0,0,29240
53393586,13,13113,2020,03,0,1,17686
53393586,13,13113,2020,03,0,2,23408
53393586,13,13113,2020,03,1,0,69656
53393586,13,13113,2020,03,1,1,20646
53393586,13,13113,2020,03,1,2,45670
53393586,13,13113,2020,03,2,0,56618
53393586,13,13113,2020,03,2,1,19691
53393586,13,13113,2020,03,2,2,38489
53393595,13,13113,2020,03,0,0,50043
53393595,13,13113,2020,03,0,1,22914
53393595,13,13113,2020,03,0,2,36478
53393595,13,13113,2020,03,1,0,78579
53393595,13,13113,2020,03,1,1,22575
53393595,13,13113,2020,03,1,2,51276
53393595,13,13113,2020,03,2,0,69374
53393595,13,13113,2020,03,2,1,22684
53393595,13,13113,2020,03,2,2,46503
53393596,13,13113,2020,03,0,0,53908
53393596,13,13113,2020,03,0,1,15897
53393596,13,13113,2020,03,0,2,33904
53393596,13,13113,2020,03,1,0,107791
53393596,13,13113,2020,03,1,1,22127
53393596,13,13113,2020,03,1,2,66216
53393596,13,13113,2020,03,2,0,90410
53393596,13,13113,2020,03,2,1,20117
53393596,13,13113,2020,03,2,2,55793
53394505,13,13113,2020,03,0,0,10635
53394505,13,13113,2020,03,0,1,6888
53394505,13,13113,2020,03,0,2,8479
53394505,13,13113,2020,03,1,0,12256
53394505,13,13113,2020,03,1,1,7703
53394505,13,13113,2020,03,1,2,10603
53394505,13,13113,2020,03,2,0,11733
53394505,13,13113,2020,03,2,1,7440
53394505,13,13113,2020,03,2,2,9918
53394506,13,13113,2020,03,0,0,30717
53394506,13,13113,2020,03,0,1,10498
53394506,13,13113,2020,03,0,2,19284
53394506,13,13113,2020,03,1,0,42431
53394506,13,13113,2020,03,1,1,12340
53394506,13,13113,2020,03,1,2,27161
53394506,13,13113,2020,03,2,0,38652
53394506,13,13113,2020,03,2,1,11746
53394506,13,13113,2020,03,2,2,24620
53393585,13,13113,2020,04,0,0,24067
53393585,13,13113,2020,04,0,1,21516
53393585,13,13113,2020,04,0,2,22581
53393585,13,13113,2020,04,1,0,44039
53393585,13,13113,2020,04,1,1,23333
53393585,13,13113,2020,04,1,2,32828
53393585,13,13113,2020,04,2,0,38047
53393585,13,13113,2020,04,2,1,22788
53393585,13,13113,2020,04,2,2,29754
53393586,13,13113,2020,04,0,0,20102
53393586,13,13113,2020,04,0,1,14582
53393586,13,13113,2020,04,0,2,17095
53393586,13,13113,2020,04,1,0,42321
53393586,13,13113,2020,04,1,1,17192
53393586,13,13113,2020,04,1,2,29368
53393586,13,13113,2020,04,2,0,35655
53393586,13,13113,2020,04,2,1,16409
53393586,13,13113,2020,04,2,2,25686
53393595,13,13113,2020,04,0,0,21309
53393595,13,13113,2020,04,0,1,11858
53393595,13,13113,2020,04,0,2,16278
53393595,13,13113,2020,04,1,0,42799
53393595,13,13113,2020,04,1,1,14604
53393595,13,13113,2020,04,1,2,27420
53393595,13,13113,2020,04,2,0,36352
53393595,13,13113,2020,04,2,1,13780
53393595,13,13113,2020,04,2,2,24078
53393596,13,13113,2020,04,0,0,20434
53393596,13,13113,2020,04,0,1,8406
53393596,13,13113,2020,04,0,2,13585
53393596,13,13113,2020,04,1,0,55431
53393596,13,13113,2020,04,1,1,12924
53393596,13,13113,2020,04,1,2,33697
53393596,13,13113,2020,04,2,0,44932
53393596,13,13113,2020,04,2,1,11568
53393596,13,13113,2020,04,2,2,27663
53394505,13,13113,2020,04,0,0,7216
53394505,13,13113,2020,04,0,1,6280
53394505,13,13113,2020,04,0,2,6717
53394505,13,13113,2020,04,1,0,9596
53394505,13,13113,2020,04,1,1,6755
53394505,13,13113,2020,04,1,2,8329
53394505,13,13113,2020,04,2,0,8882
53394505,13,13113,2020,04,2,1,6612
53394505,13,13113,2020,04,2,2,7846
53394506,13,13113,2020,04,0,0,13488
53394506,13,13113,2020,04,0,1,7212
53394506,13,13113,2020,04,0,2,9890
53394506,13,13113,2020,04,1,0,21136
53394506,13,13113,2020,04,1,1,8394
53394506,13,13113,2020,04,1,2,14532
53394506,13,13113,2020,04,2,0,18841
53394506,13,13113,2020,04,2,1,8039
53394506,13,13113,2020,04,2,2,13140
53393585,13,13113,2020,05,0,0,23145
53393585,13,13113,2020,05,0,1,21112
53393585,13,13113,2020,05,0,2,21943
53393585,13,13113,2020,05,1,0,40516
53393585,13,13113,2020,05,1,1,22847
53393585,13,13113,2020,05,1,2,30971
53393585,13,13113,2020,05,2,0,33231
53393585,13,13113,2020,05,2,1,22119
53393585,13,13113,2020,05,2,2,27185
53393586,13,13113,2020,05,0,0,21399
53393586,13,13113,2020,05,0,1,15631
53393586,13,13113,2020,05,0,2,18160
53393586,13,13113,2020,05,1,0,40666
53393586,13,13113,2020,05,1,1,17099
53393586,13,13113,2020,05,1,2,28735
53393586,13,13113,2020,05,2,0,32586
53393586,13,13113,2020,05,2,1,16484
53393586,13,13113,2020,05,2,2,24300
53393595,13,13113,2020,05,0,0,22440
53393595,13,13113,2020,05,0,1,11354
53393595,13,13113,2020,05,0,2,16597
53393595,13,13113,2020,05,1,0,39750
53393595,13,13113,2020,05,1,1,13133
53393595,13,13113,2020,05,1,2,25461
53393595,13,13113,2020,05,2,0,32491
53393595,13,13113,2020,05,2,1,12387
53393595,13,13113,2020,05,2,2,21744
53393596,13,13113,2020,05,0,0,23906
53393596,13,13113,2020,05,0,1,9037
53393596,13,13113,2020,05,0,2,15328
53393596,13,13113,2020,05,1,0,53290
53393596,13,13113,2020,05,1,1,12656
53393596,13,13113,2020,05,1,2,32310
53393596,13,13113,2020,05,2,0,40968
53393596,13,13113,2020,05,2,1,11138
53393596,13,13113,2020,05,2,2,25189
53394505,13,13113,2020,05,0,0,7703
53394505,13,13113,2020,05,0,1,5983
53394505,13,13113,2020,05,0,2,6653
53394505,13,13113,2020,05,1,0,9977
53394505,13,13113,2020,05,1,1,6641
53394505,13,13113,2020,05,1,2,8409
53394505,13,13113,2020,05,2,0,9023
53394505,13,13113,2020,05,2,1,6365
53394505,13,13113,2020,05,2,2,7673
53394506,13,13113,2020,05,0,0,15365
53394506,13,13113,2020,05,0,1,8035
53394506,13,13113,2020,05,0,2,10995
53394506,13,13113,2020,05,1,0,22274
53394506,13,13113,2020,05,1,1,8822
53394506,13,13113,2020,05,1,2,15125
53394506,13,13113,2020,05,2,0,19376
53394506,13,13113,2020,05,2,1,8492
53394506,13,13113,2020,05,2,2,13393
53393585,13,13113,2020,06,0,0,27808
53393585,13,13113,2020,06,0,1,22736
53393585,13,13113,2020,06,0,2,25530
53393585,13,13113,2020,06,1,0,56164
53393585,13,13113,2020,06,1,1,25898
53393585,13,13113,2020,06,1,2,40465
53393585,13,13113,2020,06,2,0,48602
53393585,13,13113,2020,06,2,1,25055
53393585,13,13113,2020,06,2,2,36482
53393586,13,13113,2020,06,0,0,28403
53393586,13,13113,2020,06,0,1,17177
53393586,13,13113,2020,06,0,2,22685
53393586,13,13113,2020,06,1,0,54336
53393586,13,13113,2020,06,1,1,19681
53393586,13,13113,2020,06,1,2,37191
53393586,13,13113,2020,06,2,0,47421
53393586,13,13113,2020,06,2,1,19013
53393586,13,13113,2020,06,2,2,33323
53393595,13,13113,2020,06,0,0,41426
53393595,13,13113,2020,06,0,1,17766
53393595,13,13113,2020,06,0,2,29011
53393595,13,13113,2020,06,1,0,58404
53393595,13,13113,2020,06,1,1,16747
53393595,13,13113,2020,06,1,2,37154
53393595,13,13113,2020,06,2,0,53876
53393595,13,13113,2020,06,2,1,17019
53393595,13,13113,2020,06,2,2,34983
53393596,13,13113,2020,06,0,0,47888
53393596,13,13113,2020,06,0,1,13934
53393596,13,13113,2020,06,0,2,29834
53393596,13,13113,2020,06,1,0,81955
53393596,13,13113,2020,06,1,1,17301
53393596,13,13113,2020,06,1,2,50411
53393596,13,13113,2020,06,2,0,72871
53393596,13,13113,2020,06,2,1,16403
53393596,13,13113,2020,06,2,2,44924
53394505,13,13113,2020,06,0,0,8414
53394505,13,13113,2020,06,0,1,5951
53394505,13,13113,2020,06,0,2,7258
53394505,13,13113,2020,06,1,0,10847
53394505,13,13113,2020,06,1,1,6678
53394505,13,13113,2020,06,1,2,9219
53394505,13,13113,2020,06,2,0,10198
53394505,13,13113,2020,06,2,1,6485
53394505,13,13113,2020,06,2,2,8696
53394506,13,13113,2020,06,0,0,29128
53394506,13,13113,2020,06,0,1,9460
53394506,13,13113,2020,06,0,2,17895
53394506,13,13113,2020,06,1,0,34197
53394506,13,13113,2020,06,1,1,10736
53394506,13,13113,2020,06,1,2,21975
53394506,13,13113,2020,06,2,0,32846
53394506,13,13113,2020,06,2,1,10396
53394506,13,13113,2020,06,2,2,20887
53393585,13,13113,2020,07,0,0,27890
53393585,13,13113,2020,07,0,1,23591
53393585,13,13113,2020,07,0,2,25554
53393585,13,13113,2020,07,1,0,59517
53393585,13,13113,2020,07,1,1,25962
53393585,13,13113,2020,07,1,2,42066
53393585,13,13113,2020,07,2,0,49314
53393585,13,13113,2020,07,2,1,25198
53393585,13,13113,2020,07,2,2,36740
53393586,13,13113,2020,07,0,0,28475
53393586,13,13113,2020,07,0,1,17660
53393586,13,13113,2020,07,0,2,22871
53393586,13,13113,2020,07,1,0,57303
53393586,13,13113,2020,07,1,1,21410
53393586,13,13113,2020,07,1,2,39390
53393586,13,13113,2020,07,2,0,48004
53393586,13,13113,2020,07,2,1,20200
53393586,13,13113,2020,07,2,2,34061
53393595,13,13113,2020,07,0,0,42258
53393595,13,13113,2020,07,0,1,17595
53393595,13,13113,2020,07,0,2,29837
53393595,13,13113,2020,07,1,0,61913
53393595,13,13113,2020,07,1,1,18756
53393595,13,13113,2020,07,1,2,40030
53393595,13,13113,2020,07,2,0,55572
53393595,13,13113,2020,07,2,1,18381
53393595,13,13113,2020,07,2,2,36742
53393596,13,13113,2020,07,0,0,47637
53393596,13,13113,2020,07,0,1,14696
53393596,13,13113,2020,07,0,2,30516
53393596,13,13113,2020,07,1,0,89005
53393596,13,13113,2020,07,1,1,19813
53393596,13,13113,2020,07,1,2,55730
53393596,13,13113,2020,07,2,0,75660
53393596,13,13113,2020,07,2,1,18163
53393596,13,13113,2020,07,2,2,47596
53394505,13,13113,2020,07,0,0,8801
53394505,13,13113,2020,07,0,1,6412
53394505,13,13113,2020,07,0,2,7496
53394505,13,13113,2020,07,1,0,11108
53394505,13,13113,2020,07,1,1,7003
53394505,13,13113,2020,07,1,2,9483
53394505,13,13113,2020,07,2,0,10364
53394505,13,13113,2020,07,2,1,6812
53394505,13,13113,2020,07,2,2,8842
53394506,13,13113,2020,07,0,0,26804
53394506,13,13113,2020,07,0,1,9707
53394506,13,13113,2020,07,0,2,17296
53394506,13,13113,2020,07,1,0,34541
53394506,13,13113,2020,07,1,1,11025
53394506,13,13113,2020,07,1,2,22437
53394506,13,13113,2020,07,2,0,32045
53394506,13,13113,2020,07,2,1,10599
53394506,13,13113,2020,07,2,2,20779
53393585,13,13113,2020,08,0,0,27913
53393585,13,13113,2020,08,0,1,23679
53393585,13,13113,2020,08,0,2,25834
53393585,13,13113,2020,08,1,0,55967
53393585,13,13113,2020,08,1,1,25932
53393585,13,13113,2020,08,1,2,40306
53393585,13,13113,2020,08,2,0,46012
53393585,13,13113,2020,08,2,1,25133
53393585,13,13113,2020,08,2,2,35171
53393586,13,13113,2020,08,0,0,27745
53393586,13,13113,2020,08,0,1,17439
53393586,13,13113,2020,08,0,2,22460
53393586,13,13113,2020,08,1,0,52127
53393586,13,13113,2020,08,1,1,19988
53393586,13,13113,2020,08,1,2,36079
53393586,13,13113,2020,08,2,0,43475
53393586,13,13113,2020,08,2,1,19083
53393586,13,13113,2020,08,2,2,31246
53393595,13,13113,2020,08,0,0,41584
53393595,13,13113,2020,08,0,1,16904
53393595,13,13113,2020,08,0,2,29058
53393595,13,13113,2020,08,1,0,58390
53393595,13,13113,2020,08,1,1,18242
53393595,13,13113,2020,08,1,2,38086
53393595,13,13113,2020,08,2,0,52427
53393595,13,13113,2020,08,2,1,17767
53393595,13,13113,2020,08,2,2,34882
53393596,13,13113,2020,08,0,0,49917
53393596,13,13113,2020,08,0,1,14891
53393596,13,13113,2020,08,0,2,31915
53393596,13,13113,2020,08,1,0,84073
53393596,13,13113,2020,08,1,1,19447
53393596,13,13113,2020,08,1,2,52832
53393596,13,13113,2020,08,2,0,71953
53393596,13,13113,2020,08,2,1,17830
53393596,13,13113,2020,08,2,2,45410
53394505,13,13113,2020,08,0,0,8654
53394505,13,13113,2020,08,0,1,6253
53394505,13,13113,2020,08,0,2,7512
53394505,13,13113,2020,08,1,0,11534
53394505,13,13113,2020,08,1,1,7462
53394505,13,13113,2020,08,1,2,9849
53394505,13,13113,2020,08,2,0,10512
53394505,13,13113,2020,08,2,1,7033
53394505,13,13113,2020,08,2,2,9020
53394506,13,13113,2020,08,0,0,27440
53394506,13,13113,2020,08,0,1,9818
53394506,13,13113,2020,08,0,2,17369
53394506,13,13113,2020,08,1,0,33331
53394506,13,13113,2020,08,1,1,11401
53394506,13,13113,2020,08,1,2,21869
53394506,13,13113,2020,08,2,0,31241
53394506,13,13113,2020,08,2,1,10839
53394506,13,13113,2020,08,2,2,20272
53393585,13,13113,2020,09,0,0,28590
53393585,13,13113,2020,09,0,1,22651
53393585,13,13113,2020,09,0,2,25840
53393585,13,13113,2020,09,1,0,59934
53393585,13,13113,2020,09,1,1,26632
53393585,13,13113,2020,09,1,2,42835
53393585,13,13113,2020,09,2,0,49486
53393585,13,13113,2020,09,2,1,25305
53393585,13,13113,2020,09,2,2,37170
53393586,13,13113,2020,09,0,0,28899
53393586,13,13113,2020,09,0,1,17375
53393586,13,13113,2020,09,0,2,22996
53393586,13,13113,2020,09,1,0,55833
53393586,13,13113,2020,09,1,1,19729
53393586,13,13113,2020,09,1,2,37863
53393586,13,13113,2020,09,2,0,46855
53393586,13,13113,2020,09,2,1,18944
53393586,13,13113,2020,09,2,2,32907
53393595,13,13113,2020,09,0,0,47690
53393595,13,13113,2020,09,0,1,20677
53393595,13,13113,2020,09,0,2,34045
53393595,13,13113,2020,09,1,0,65571
53393595,13,13113,2020,09,1,1,21371
53393595,13,13113,2020,09,1,2,43507
53393595,13,13113,2020,09,2,0,59611
53393595,13,13113,2020,09,2,1,21140
53393595,13,13113,2020,09,2,2,40353
53393596,13,13113,2020,09,0,0,56850
53393596,13,13113,2020,09,0,1,17974
53393596,13,13113,2020,09,0,2,36628
53393596,13,13113,2020,09,1,0,90994
53393596,13,13113,2020,09,1,1,21438
53393596,13,13113,2020,09,1,2,57285
53393596,13,13113,2020,09,2,0,79613
53393596,13,13113,2020,09,2,1,20283
53393596,13,13113,2020,09,2,2,50399
53394505,13,13113,2020,09,0,0,9550
53394505,13,13113,2020,09,0,1,6619
53394505,13,13113,2020,09,0,2,8008
53394505,13,13113,2020,09,1,0,11920
53394505,13,13113,2020,09,1,1,7507
53394505,13,13113,2020,09,1,2,10125
53394505,13,13113,2020,09,2,0,11130
53394505,13,13113,2020,09,2,1,7211
53394505,13,13113,2020,09,2,2,9420
53394506,13,13113,2020,09,0,0,31025
53394506,13,13113,2020,09,0,1,10778
53394506,13,13113,2020,09,0,2,19209
53394506,13,13113,2020,09,1,0,35063
53394506,13,13113,2020,09,1,1,12457
53394506,13,13113,2020,09,1,2,23323
53394506,13,13113,2020,09,2,0,33717
53394506,13,13113,2020,09,2,1,11897
53394506,13,13113,2020,09,2,2,21952
53393585,13,13113,2020,10,0,0,29369
53393585,13,13113,2020,10,0,1,23700
53393585,13,13113,2020,10,0,2,26747
53393585,13,13113,2020,10,1,0,62528
53393585,13,13113,2020,10,1,1,26583
53393585,13,13113,2020,10,1,2,44097
53393585,13,13113,2020,10,2,0,52901
53393585,13,13113,2020,10,2,1,25746
53393585,13,13113,2020,10,2,2,39060
53393586,13,13113,2020,10,0,0,30313
53393586,13,13113,2020,10,0,1,18244
53393586,13,13113,2020,10,0,2,24359
53393586,13,13113,2020,10,1,0,58242
53393586,13,13113,2020,10,1,1,19937
53393586,13,13113,2020,10,1,2,39615
53393586,13,13113,2020,10,2,0,50134
53393586,13,13113,2020,10,2,1,19445
53393586,13,13113,2020,10,2,2,35186
53393595,13,13113,2020,10,0,0,51718
53393595,13,13113,2020,10,0,1,22980
53393595,13,13113,2020,10,0,2,37034
53393595,13,13113,2020,10,1,0,68894
53393595,13,13113,2020,10,1,1,21902
53393595,13,13113,2020,10,1,2,45490
53393595,13,13113,2020,10,2,0,63907
53393595,13,13113,2020,10,2,1,22215
53393595,13,13113,2020,10,2,2,43035
53393596,13,13113,2020,10,0,0,63030
53393596,13,13113,2020,10,0,1,20560
53393596,13,13113,2020,10,0,2,40767
53393596,13,13113,2020,10,1,0,94565
53393596,13,13113,2020,10,1,1,23004
53393596,13,13113,2020,10,1,2,60202
53393596,13,13113,2020,10,2,0,85410
53393596,13,13113,2020,10,2,1,22295
53393596,13,13113,2020,10,2,2,54560
53394505,13,13113,2020,10,0,0,10262
53394505,13,13113,2020,10,0,1,7068
53394505,13,13113,2020,10,0,2,8543
53394505,13,13113,2020,10,1,0,11361
53394505,13,13113,2020,10,1,1,7721
53394505,13,13113,2020,10,1,2,9816
53394505,13,13113,2020,10,2,0,11042
53394505,13,13113,2020,10,2,1,7531
53394505,13,13113,2020,10,2,2,9447
53394506,13,13113,2020,10,0,0,33586
53394506,13,13113,2020,10,0,1,11630
53394506,13,13113,2020,10,0,2,20901
53394506,13,13113,2020,10,1,0,36604
53394506,13,13113,2020,10,1,1,12134
53394506,13,13113,2020,10,1,2,23926
53394506,13,13113,2020,10,2,0,35728
53394506,13,13113,2020,10,2,1,11987
53394506,13,13113,2020,10,2,2,23048
53393585,13,13113,2020,11,0,0,27958
53393585,13,13113,2020,11,0,1,23679
53393585,13,13113,2020,11,0,2,25920
53393585,13,13113,2020,11,1,0,61589
53393585,13,13113,2020,11,1,1,26671
53393585,13,13113,2020,11,1,2,43843
53393585,13,13113,2020,11,2,0,49258
53393585,13,13113,2020,11,2,1,25574
53393585,13,13113,2020,11,2,2,37271
53393586,13,13113,2020,11,0,0,30448
53393586,13,13113,2020,11,0,1,18069
53393586,13,13113,2020,11,0,2,24218
53393586,13,13113,2020,11,1,0,58206
53393586,13,13113,2020,11,1,1,21299
53393586,13,13113,2020,11,1,2,40309
53393586,13,13113,2020,11,2,0,48029
53393586,13,13113,2020,11,2,1,20114
53393586,13,13113,2020,11,2,2,34409
53393595,13,13113,2020,11,0,0,51382
53393595,13,13113,2020,11,0,1,22503
53393595,13,13113,2020,11,0,2,36495
53393595,13,13113,2020,11,1,0,68203
53393595,13,13113,2020,11,1,1,21313
53393595,13,13113,2020,11,1,2,44903
53393595,13,13113,2020,11,2,0,62035
53393595,13,13113,2020,11,2,1,21749
53393595,13,13113,2020,11,2,2,41820
53393596,13,13113,2020,11,0,0,61912
53393596,13,13113,2020,11,0,1,19012
53393596,13,13113,2020,11,0,2,39065
53393596,13,13113,2020,11,1,0,96891
53393596,13,13113,2020,11,1,1,24294
53393596,13,13113,2020,11,1,2,61832
53393596,13,13113,2020,11,2,0,84066
53393596,13,13113,2020,11,2,1,22357
53393596,13,13113,2020,11,2,2,53484
53394505,13,13113,2020,11,0,0,12145
53394505,13,13113,2020,11,0,1,7366
53394505,13,13113,2020,11,0,2,9266
53394505,13,13113,2020,11,1,0,11643
53394505,13,13113,2020,11,1,1,8128
53394505,13,13113,2020,11,1,2,10203
53394505,13,13113,2020,11,2,0,11827
53394505,13,13113,2020,11,2,1,7849
53394505,13,13113,2020,11,2,2,9859
53394506,13,13113,2020,11,0,0,34361
53394506,13,13113,2020,11,0,1,11219
53394506,13,13113,2020,11,0,2,20691
53394506,13,13113,2020,11,1,0,36715
53394506,13,13113,2020,11,1,1,11499
53394506,13,13113,2020,11,1,2,23687
53394506,13,13113,2020,11,2,0,35852
53394506,13,13113,2020,11,2,1,11397
53394506,13,13113,2020,11,2,2,22589
53393585,13,13113,2020,12,0,0,28982
53393585,13,13113,2020,12,0,1,23327
53393585,13,13113,2020,12,0,2,26497
53393585,13,13113,2020,12,1,0,54580
53393585,13,13113,2020,12,1,1,26685
53393585,13,13113,2020,12,1,2,40206
53393585,13,13113,2020,12,2,0,47974
53393585,13,13113,2020,12,2,1,25818
53393585,13,13113,2020,12,2,2,36668
53393586,13,13113,2020,12,0,0,29863
53393586,13,13113,2020,12,0,1,18681
53393586,13,13113,2020,12,0,2,24341
53393586,13,13113,2020,12,1,0,51088
53393586,13,13113,2020,12,1,1,19710
53393586,13,13113,2020,12,1,2,35854
53393586,13,13113,2020,12,2,0,45610
53393586,13,13113,2020,12,2,1,19444
53393586,13,13113,2020,12,2,2,32883
53393595,13,13113,2020,12,0,0,51592
53393595,13,13113,2020,12,0,1,21123
53393595,13,13113,2020,12,0,2,36575
53393595,13,13113,2020,12,1,0,63456
53393595,13,13113,2020,12,1,1,21375
53393595,13,13113,2020,12,1,2,42512
53393595,13,13113,2020,12,2,0,60394
53393595,13,13113,2020,12,2,1,21310
53393595,13,13113,2020,12,2,2,40980
53393596,13,13113,2020,12,0,0,60411
53393596,13,13113,2020,12,0,1,17741
53393596,13,13113,2020,12,0,2,37920
53393596,13,13113,2020,12,1,0,85402
53393596,13,13113,2020,12,1,1,21641
53393596,13,13113,2020,12,1,2,54621
53393596,13,13113,2020,12,2,0,78953
53393596,13,13113,2020,12,2,1,20634
53393596,13,13113,2020,12,2,2,50311
53394505,13,13113,2020,12,0,0,10465
53394505,13,13113,2020,12,0,1,6812
53394505,13,13113,2020,12,0,2,8456
53394505,13,13113,2020,12,1,0,11156
53394505,13,13113,2020,12,1,1,7823
53394505,13,13113,2020,12,1,2,9864
53394505,13,13113,2020,12,2,0,10978
53394505,13,13113,2020,12,2,1,7562
53394505,13,13113,2020,12,2,2,9501
53394506,13,13113,2020,12,0,0,33314
53394506,13,13113,2020,12,0,1,11510
53394506,13,13113,2020,12,0,2,20523
53394506,13,13113,2020,12,1,0,32599
53394506,13,13113,2020,12,1,1,10848
53394506,13,13113,2020,12,1,2,21462
53394506,13,13113,2020,12,2,0,32783
53394506,13,13113,2020,12,2,1,11019
53394506,13,13113,2020,12,2,2,21220
53393585,13,13113,2021,01,0,0,25068
53393585,13,13113,2021,01,0,1,20677
53393585,13,13113,2021,01,0,2,22954
53393585,13,13113,2021,01,1,0,49119
53393585,13,13113,2021,01,1,1,25366
53393585,13,13113,2021,01,1,2,36421
53393585,13,13113,2021,01,2,0,39809
53393585,13,13113,2021,01,2,1,23551
53393585,13,13113,2021,01,2,2,31208
53393586,13,13113,2021,01,0,0,24148
53393586,13,13113,2021,01,0,1,15913
53393586,13,13113,2021,01,0,2,19601
53393586,13,13113,2021,01,1,0,48396
53393586,13,13113,2021,01,1,1,20100
53393586,13,13113,2021,01,1,2,33954
53393586,13,13113,2021,01,2,0,39009
53393586,13,13113,2021,01,2,1,18479
53393586,13,13113,2021,01,2,2,28398
53393595,13,13113,2021,01,0,0,37411
53393595,13,13113,2021,01,0,1,16014
53393595,13,13113,2021,01,0,2,25451
53393595,13,13113,2021,01,1,0,56369
53393595,13,13113,2021,01,1,1,19301
53393595,13,13113,2021,01,1,2,36298
53393595,13,13113,2021,01,2,0,49030
53393595,13,13113,2021,01,2,1,18029
53393595,13,13113,2021,01,2,2,32099
53393596,13,13113,2021,01,0,0,38803
53393596,13,13113,2021,01,0,1,12967
53393596,13,13113,2021,01,0,2,24577
53393596,13,13113,2021,01,1,0,74184
53393596,13,13113,2021,01,1,1,20096
53393596,13,13113,2021,01,1,2,46529
53393596,13,13113,2021,01,2,0,60488
53393596,13,13113,2021,01,2,1,17336
53393596,13,13113,2021,01,2,2,38031
53394505,13,13113,2021,01,0,0,8406
53394505,13,13113,2021,01,0,1,5993
53394505,13,13113,2021,01,0,2,6916
53394505,13,13113,2021,01,1,0,10413
53394505,13,13113,2021,01,1,1,6607
53394505,13,13113,2021,01,1,2,8698
53394505,13,13113,2021,01,2,0,9636
53394505,13,13113,2021,01,2,1,6369
53394505,13,13113,2021,01,2,2,8009
53394506,13,13113,2021,01,0,0,21690
53394506,13,13113,2021,01,0,1,9304
53394506,13,13113,2021,01,0,2,14388
53394506,13,13113,2021,01,1,0,28090
53394506,13,13113,2021,01,1,1,10883
53394506,13,13113,2021,01,1,2,19128
53394506,13,13113,2021,01,2,0,25613
53394506,13,13113,2021,01,2,1,10272
53394506,13,13113,2021,01,2,2,17293
53393585,13,13113,2021,02,0,0,27793
53393585,13,13113,2021,02,0,1,21900
53393585,13,13113,2021,02,0,2,24836
53393585,13,13113,2021,02,1,0,50470
53393585,13,13113,2021,02,1,1,25864
53393585,13,13113,2021,02,1,2,37497
53393585,13,13113,2021,02,2,0,42371
53393585,13,13113,2021,02,2,1,24448
53393585,13,13113,2021,02,2,2,32975
53393586,13,13113,2021,02,0,0,28182
53393586,13,13113,2021,02,0,1,17221
53393586,13,13113,2021,02,0,2,22276
53393586,13,13113,2021,02,1,0,49160
53393586,13,13113,2021,02,1,1,20234
53393586,13,13113,2021,02,1,2,34639
53393586,13,13113,2021,02,2,0,41668
53393586,13,13113,2021,02,2,1,19158
53393586,13,13113,2021,02,2,2,30224
53393595,13,13113,2021,02,0,0,47050
53393595,13,13113,2021,02,0,1,19097
53393595,13,13113,2021,02,0,2,31411
53393595,13,13113,2021,02,1,0,59381
53393595,13,13113,2021,02,1,1,20351
53393595,13,13113,2021,02,1,2,38592
53393595,13,13113,2021,02,2,0,54977
53393595,13,13113,2021,02,2,1,19903
53393595,13,13113,2021,02,2,2,36027
53393596,13,13113,2021,02,0,0,52250
53393596,13,13113,2021,02,0,1,16472
53393596,13,13113,2021,02,0,2,31792
53393596,13,13113,2021,02,1,0,78132
53393596,13,13113,2021,02,1,1,21819
53393596,13,13113,2021,02,1,2,49380
53393596,13,13113,2021,02,2,0,68888
53393596,13,13113,2021,02,2,1,19909
53393596,13,13113,2021,02,2,2,43098
53394505,13,13113,2021,02,0,0,9697
53394505,13,13113,2021,02,0,1,6446
53394505,13,13113,2021,02,0,2,7783
53394505,13,13113,2021,02,1,0,10878
53394505,13,13113,2021,02,1,1,7148
53394505,13,13113,2021,02,1,2,9204
53394505,13,13113,2021,02,2,0,10456
53394505,13,13113,2021,02,2,1,6897
53394505,13,13113,2021,02,2,2,8697
53394506,13,13113,2021,02,0,0,28105
53394506,13,13113,2021,02,0,1,10373
53394506,13,13113,2021,02,0,2,17388
53394506,13,13113,2021,02,1,0,29916
53394506,13,13113,2021,02,1,1,11218
53394506,13,13113,2021,02,1,2,20165
53394506,13,13113,2021,02,2,0,29269
53394506,13,13113,2021,02,2,1,10917
53394506,13,13113,2021,02,2,2,19173
53393585,13,13113,2021,03,0,0,29423
53393585,13,13113,2021,03,0,1,23786
53393585,13,13113,2021,03,0,2,26560
53393585,13,13113,2021,03,1,0,52596
53393585,13,13113,2021,03,1,1,27021
53393585,13,13113,2021,03,1,2,39197
53393585,13,13113,2021,03,2,0,46616
53393585,13,13113,2021,03,2,1,26186
53393585,13,13113,2021,03,2,2,35936
53393586,13,13113,2021,03,0,0,28895
53393586,13,13113,2021,03,0,1,17878
53393586,13,13113,2021,03,0,2,23284
53393586,13,13113,2021,03,1,0,51188
53393586,13,13113,2021,03,1,1,20834
53393586,13,13113,2021,03,1,2,36046
53393586,13,13113,2021,03,2,0,45435
53393586,13,13113,2021,03,2,1,20071
53393586,13,13113,2021,03,2,2,32753
53393595,13,13113,2021,03,0,0,49862
53393595,13,13113,2021,03,0,1,20864
53393595,13,13113,2021,03,0,2,34139
53393595,13,13113,2021,03,1,0,62347
53393595,13,13113,2021,03,1,1,22955
53393595,13,13113,2021,03,1,2,41877
53393595,13,13113,2021,03,2,0,59125
53393595,13,13113,2021,03,2,1,22415
53393595,13,13113,2021,03,2,2,39881
53393596,13,13113,2021,03,0,0,55981
53393596,13,13113,2021,03,0,1,17210
53393596,13,13113,2021,03,0,2,34498
53393596,13,13113,2021,03,1,0,82150
53393596,13,13113,2021,03,1,1,23468
53393596,13,13113,2021,03,1,2,52710
53393596,13,13113,2021,03,2,0,75396
53393596,13,13113,2021,03,2,1,21853
53393596,13,13113,2021,03,2,2,48010
53394505,13,13113,2021,03,0,0,9636
53394505,13,13113,2021,03,0,1,6821
53394505,13,13113,2021,03,0,2,8165
53394505,13,13113,2021,03,1,0,11107
53394505,13,13113,2021,03,1,1,7358
53394505,13,13113,2021,03,1,2,9486
53394505,13,13113,2021,03,2,0,10727
53394505,13,13113,2021,03,2,1,7219
53394505,13,13113,2021,03,2,2,9145
53394506,13,13113,2021,03,0,0,30384
53394506,13,13113,2021,03,0,1,10992
53394506,13,13113,2021,03,0,2,19106
53394506,13,13113,2021,03,1,0,33030
53394506,13,13113,2021,03,1,1,12012
53394506,13,13113,2021,03,1,2,21815
53394506,13,13113,2021,03,2,0,32347
53394506,13,13113,2021,03,2,1,11749
53394506,13,13113,2021,03,2,2,21116
53393585,13,13113,2021,04,0,0,29786
53393585,13,13113,2021,04,0,1,22881
53393585,13,13113,2021,04,0,2,26506
53393585,13,13113,2021,04,1,0,53728
53393585,13,13113,2021,04,1,1,27636
53393585,13,13113,2021,04,1,2,40089
53393585,13,13113,2021,04,2,0,46546
53393585,13,13113,2021,04,2,1,26210
53393585,13,13113,2021,04,2,2,36014
53393586,13,13113,2021,04,0,0,30408
53393586,13,13113,2021,04,0,1,18261
53393586,13,13113,2021,04,0,2,24102
53393586,13,13113,2021,04,1,0,56323
53393586,13,13113,2021,04,1,1,21938
53393586,13,13113,2021,04,1,2,39329
53393586,13,13113,2021,04,2,0,48549
53393586,13,13113,2021,04,2,1,20835
53393586,13,13113,2021,04,2,2,34761
53393595,13,13113,2021,04,0,0,45687
53393595,13,13113,2021,04,0,1,19470
53393595,13,13113,2021,04,0,2,32099
53393595,13,13113,2021,04,1,0,59963
53393595,13,13113,2021,04,1,1,21672
53393595,13,13113,2021,04,1,2,40109
53393595,13,13113,2021,04,2,0,55680
53393595,13,13113,2021,04,2,1,21012
53393595,13,13113,2021,04,2,2,37706
53393596,13,13113,2021,04,0,0,56979
53393596,13,13113,2021,04,0,1,18275
53393596,13,13113,2021,04,0,2,36059
53393596,13,13113,2021,04,1,0,86740
53393596,13,13113,2021,04,1,1,25177
53393596,13,13113,2021,04,1,2,56382
53393596,13,13113,2021,04,2,0,77812
53393596,13,13113,2021,04,2,1,23106
53393596,13,13113,2021,04,2,2,50285
53394505,13,13113,2021,04,0,0,10632
53394505,13,13113,2021,04,0,1,6927
53394505,13,13113,2021,04,0,2,8343
53394505,13,13113,2021,04,1,0,11041
53394505,13,13113,2021,04,1,1,7662
53394505,13,13113,2021,04,1,2,9797
53394505,13,13113,2021,04,2,0,10918
53394505,13,13113,2021,04,2,1,7442
53394505,13,13113,2021,04,2,2,9361
53394506,13,13113,2021,04,0,0,31121
53394506,13,13113,2021,04,0,1,11741
53394506,13,13113,2021,04,0,2,19587
53394506,13,13113,2021,04,1,0,33338
53394506,13,13113,2021,04,1,1,11994
53394506,13,13113,2021,04,1,2,22089
53394506,13,13113,2021,04,2,0,32673
53394506,13,13113,2021,04,2,1,11918
53394506,13,13113,2021,04,2,2,21338
53393585,13,13113,2021,05,0,0,26882
53393585,13,13113,2021,05,0,1,21884
53393585,13,13113,2021,05,0,2,24247
53393585,13,13113,2021,05,1,0,50360
53393585,13,13113,2021,05,1,1,26788
53393585,13,13113,2021,05,1,2,37785
53393585,13,13113,2021,05,2,0,40515
53393585,13,13113,2021,05,2,1,24731
53393585,13,13113,2021,05,2,2,32108
53393586,13,13113,2021,05,0,0,26924
53393586,13,13113,2021,05,0,1,17612
53393586,13,13113,2021,05,0,2,21893
53393586,13,13113,2021,05,1,0,54942
53393586,13,13113,2021,05,1,1,21945
53393586,13,13113,2021,05,1,2,38506
53393586,13,13113,2021,05,2,0,43193
53393586,13,13113,2021,05,2,1,20128
53393586,13,13113,2021,05,2,2,31540
53393595,13,13113,2021,05,0,0,39332
53393595,13,13113,2021,05,0,1,17000
53393595,13,13113,2021,05,0,2,27405
53393595,13,13113,2021,05,1,0,57245
53393595,13,13113,2021,05,1,1,20730
53393595,13,13113,2021,05,1,2,38104
53393595,13,13113,2021,05,2,0,49733
53393595,13,13113,2021,05,2,1,19166
53393595,13,13113,2021,05,2,2,33617
53393596,13,13113,2021,05,0,0,45199
53393596,13,13113,2021,05,0,1,15435
53393596,13,13113,2021,05,0,2,28743
53393596,13,13113,2021,05,1,0,77803
53393596,13,13113,2021,05,1,1,22599
53393596,13,13113,2021,05,1,2,50346
53393596,13,13113,2021,05,2,0,64130
53393596,13,13113,2021,05,2,1,19595
53393596,13,13113,2021,05,2,2,41287
53394505,13,13113,2021,05,0,0,9501
53394505,13,13113,2021,05,0,1,6735
53394505,13,13113,2021,05,0,2,7898
53394505,13,13113,2021,05,1,0,12064
53394505,13,13113,2021,05,1,1,8328
53394505,13,13113,2021,05,1,2,10434
53394505,13,13113,2021,05,2,0,10989
53394505,13,13113,2021,05,2,1,7660
53394505,13,13113,2021,05,2,2,9371
53394506,13,13113,2021,05,0,0,26417
53394506,13,13113,2021,05,0,1,10809
53394506,13,13113,2021,05,0,2,17109
53394506,13,13113,2021,05,1,0,30722
53394506,13,13113,2021,05,1,1,11850
53394506,13,13113,2021,05,1,2,20778
53394506,13,13113,2021,05,2,0,28916
53394506,13,13113,2021,05,2,1,11414
53394506,13,13113,2021,05,2,2,19239
53393585,13,13113,2021,06,0,0,29847
53393585,13,13113,2021,06,0,1,25248
53393585,13,13113,2021,06,0,2,27395
53393585,13,13113,2021,06,1,0,52197
53393585,13,13113,2021,06,1,1,27069
53393585,13,13113,2021,06,1,2,38794
53393585,13,13113,2021,06,2,0,46237
53393585,13,13113,2021,06,2,1,26583
53393585,13,13113,2021,06,2,2,35754
53393586,13,13113,2021,06,0,0,29786
53393586,13,13113,2021,06,0,1,18599
53393586,13,13113,2021,06,0,2,23760
53393586,13,13113,2021,06,1,0,54848
53393586,13,13113,2021,06,1,1,22242
53393586,13,13113,2021,06,1,2,38416
53393586,13,13113,2021,06,2,0,48165
53393586,13,13113,2021,06,2,1,21271
53393586,13,13113,2021,06,2,2,34508
53393595,13,13113,2021,06,0,0,49448
53393595,13,13113,2021,06,0,1,21107
53393595,13,13113,2021,06,0,2,34527
53393595,13,13113,2021,06,1,0,61287
53393595,13,13113,2021,06,1,1,22495
53393595,13,13113,2021,06,1,2,40956
53393595,13,13113,2021,06,2,0,58130
53393595,13,13113,2021,06,2,1,22125
53393595,13,13113,2021,06,2,2,39242
53393596,13,13113,2021,06,0,0,58802
53393596,13,13113,2021,06,0,1,19141
53393596,13,13113,2021,06,0,2,36184
53393596,13,13113,2021,06,1,0,82999
53393596,13,13113,2021,06,1,1,23842
53393596,13,13113,2021,06,1,2,53494
53393596,13,13113,2021,06,2,0,76546
53393596,13,13113,2021,06,2,1,22589
53393596,13,13113,2021,06,2,2,48878
53394505,13,13113,2021,06,0,0,9332
53394505,13,13113,2021,06,0,1,6759
53394505,13,13113,2021,06,0,2,8041
53394505,13,13113,2021,06,1,0,11705
53394505,13,13113,2021,06,1,1,7748
53394505,13,13113,2021,06,1,2,10120
53394505,13,13113,2021,06,2,0,11072
53394505,13,13113,2021,06,2,1,7484
53394505,13,13113,2021,06,2,2,9566
53394506,13,13113,2021,06,0,0,29137
53394506,13,13113,2021,06,0,1,10667
53394506,13,13113,2021,06,0,2,18207
53394506,13,13113,2021,06,1,0,32812
53394506,13,13113,2021,06,1,1,12819
53394506,13,13113,2021,06,1,2,22191
53394506,13,13113,2021,06,2,0,31832
53394506,13,13113,2021,06,2,1,12245
53394506,13,13113,2021,06,2,2,21129
53393585,13,13113,2021,07,0,0,27860
53393585,13,13113,2021,07,0,1,23415
53393585,13,13113,2021,07,0,2,25917
53393585,13,13113,2021,07,1,0,53081
53393585,13,13113,2021,07,1,1,27399
53393585,13,13113,2021,07,1,2,39522
53393585,13,13113,2021,07,2,0,44131
53393585,13,13113,2021,07,2,1,25985
53393585,13,13113,2021,07,2,2,34694
53393586,13,13113,2021,07,0,0,30863
53393586,13,13113,2021,07,0,1,19466
53393586,13,13113,2021,07,0,2,24792
53393586,13,13113,2021,07,1,0,55289
53393586,13,13113,2021,07,1,1,22983
53393586,13,13113,2021,07,1,2,39018
53393586,13,13113,2021,07,2,0,46621
53393586,13,13113,2021,07,2,1,21735
53393586,13,13113,2021,07,2,2,33971
53393595,13,13113,2021,07,0,0,49195
53393595,13,13113,2021,07,0,1,22172
53393595,13,13113,2021,07,0,2,34838
53393595,13,13113,2021,07,1,0,60721
53393595,13,13113,2021,07,1,1,23545
53393595,13,13113,2021,07,1,2,41460
53393595,13,13113,2021,07,2,0,56631
53393595,13,13113,2021,07,2,1,23058
53393595,13,13113,2021,07,2,2,39110
53393596,13,13113,2021,07,0,0,58726
53393596,13,13113,2021,07,0,1,19581
53393596,13,13113,2021,07,0,2,36948
53393596,13,13113,2021,07,1,0,83677
53393596,13,13113,2021,07,1,1,25040
53393596,13,13113,2021,07,1,2,54417
53393596,13,13113,2021,07,2,0,74823
53393596,13,13113,2021,07,2,1,23103
53393596,13,13113,2021,07,2,2,48218
53394505,13,13113,2021,07,0,0,10775
53394505,13,13113,2021,07,0,1,7005
53394505,13,13113,2021,07,0,2,8731
53394505,13,13113,2021,07,1,0,12873
53394505,13,13113,2021,07,1,1,7990
53394505,13,13113,2021,07,1,2,10679
53394505,13,13113,2021,07,2,0,12129
53394505,13,13113,2021,07,2,1,7641
53394505,13,13113,2021,07,2,2,9988
53394506,13,13113,2021,07,0,0,29379
53394506,13,13113,2021,07,0,1,11381
53394506,13,13113,2021,07,0,2,18636
53394506,13,13113,2021,07,1,0,32364
53394506,13,13113,2021,07,1,1,13000
53394506,13,13113,2021,07,1,2,22122
53394506,13,13113,2021,07,2,0,31305
53394506,13,13113,2021,07,2,1,12425
53394506,13,13113,2021,07,2,2,20885
53393585,13,13113,2021,08,0,0,26939
53393585,13,13113,2021,08,0,1,22862
53393585,13,13113,2021,08,0,2,24888
53393585,13,13113,2021,08,1,0,47207
53393585,13,13113,2021,08,1,1,26055
53393585,13,13113,2021,08,1,2,36099
53393585,13,13113,2021,08,2,0,40669
53393585,13,13113,2021,08,2,1,25025
53393585,13,13113,2021,08,2,2,32483
53393586,13,13113,2021,08,0,0,26909
53393586,13,13113,2021,08,0,1,18180
53393586,13,13113,2021,08,0,2,22307
53393586,13,13113,2021,08,1,0,49028
53393586,13,13113,2021,08,1,1,21993
53393586,13,13113,2021,08,1,2,35275
53393586,13,13113,2021,08,2,0,41893
53393586,13,13113,2021,08,2,1,20763
53393586,13,13113,2021,08,2,2,31092
53393595,13,13113,2021,08,0,0,41947
53393595,13,13113,2021,08,0,1,20443
53393595,13,13113,2021,08,0,2,30514
53393595,13,13113,2021,08,1,0,55739
53393595,13,13113,2021,08,1,1,22219
53393595,13,13113,2021,08,1,2,37791
53393595,13,13113,2021,08,2,0,51290
53393595,13,13113,2021,08,2,1,21646
53393595,13,13113,2021,08,2,2,35444
53393596,13,13113,2021,08,0,0,47148
53393596,13,13113,2021,08,0,1,17091
53393596,13,13113,2021,08,0,2,30424
53393596,13,13113,2021,08,1,0,74787
53393596,13,13113,2021,08,1,1,22498
53393596,13,13113,2021,08,1,2,48419
53393596,13,13113,2021,08,2,0,65871
53393596,13,13113,2021,08,2,1,20754
53393596,13,13113,2021,08,2,2,42614
53394505,13,13113,2021,08,0,0,8351
53394505,13,13113,2021,08,0,1,6274
53394505,13,13113,2021,08,0,2,7436
53394505,13,13113,2021,08,1,0,11527
53394505,13,13113,2021,08,1,1,7355
53394505,13,13113,2021,08,1,2,9621
53394505,13,13113,2021,08,2,0,10503
53394505,13,13113,2021,08,2,1,7006
53394505,13,13113,2021,08,2,2,8916
53394506,13,13113,2021,08,0,0,24868
53394506,13,13113,2021,08,0,1,10782
53394506,13,13113,2021,08,0,2,16595
53394506,13,13113,2021,08,1,0,29956
53394506,13,13113,2021,08,1,1,12486
53394506,13,13113,2021,08,1,2,20476
53394506,13,13113,2021,08,2,0,28314
53394506,13,13113,2021,08,2,1,11937
53394506,13,13113,2021,08,2,2,19224
53393585,13,13113,2021,09,0,0,27723
53393585,13,13113,2021,09,0,1,23241
53393585,13,13113,2021,09,0,2,25647
53393585,13,13113,2021,09,1,0,50933
53393585,13,13113,2021,09,1,1,27089
53393585,13,13113,2021,09,1,2,38344
53393585,13,13113,2021,09,2,0,43196
53393585,13,13113,2021,09,2,1,25806
53393585,13,13113,2021,09,2,2,34112
53393586,13,13113,2021,09,0,0,29816
53393586,13,13113,2021,09,0,1,18862
53393586,13,13113,2021,09,0,2,23615
53393586,13,13113,2021,09,1,0,52749
53393586,13,13113,2021,09,1,1,23370
53393586,13,13113,2021,09,1,2,37873
53393586,13,13113,2021,09,2,0,45105
53393586,13,13113,2021,09,2,1,21867
53393586,13,13113,2021,09,2,2,33120
53393595,13,13113,2021,09,0,0,47789
53393595,13,13113,2021,09,0,1,21589
53393595,13,13113,2021,09,0,2,33812
53393595,13,13113,2021,09,1,0,60696
53393595,13,13113,2021,09,1,1,24226
53393595,13,13113,2021,09,1,2,41415
53393595,13,13113,2021,09,2,0,56394
53393595,13,13113,2021,09,2,1,23347
53393595,13,13113,2021,09,2,2,38881
53393596,13,13113,2021,09,0,0,53320
53393596,13,13113,2021,09,0,1,18845
53393596,13,13113,2021,09,0,2,34166
53393596,13,13113,2021,09,1,0,80116
53393596,13,13113,2021,09,1,1,23834
53393596,13,13113,2021,09,1,2,51236
53393596,13,13113,2021,09,2,0,71184
53393596,13,13113,2021,09,2,1,22171
53393596,13,13113,2021,09,2,2,45546
53394505,13,13113,2021,09,0,0,9653
53394505,13,13113,2021,09,0,1,7091
53394505,13,13113,2021,09,0,2,8460
53394505,13,13113,2021,09,1,0,11832
53394505,13,13113,2021,09,1,1,7732
53394505,13,13113,2021,09,1,2,10014
53394505,13,13113,2021,09,2,0,11106
53394505,13,13113,2021,09,2,1,7518
53394505,13,13113,2021,09,2,2,9496
53394506,13,13113,2021,09,0,0,28963
53394506,13,13113,2021,09,0,1,11213
53394506,13,13113,2021,09,0,2,18241
53394506,13,13113,2021,09,1,0,31472
53394506,13,13113,2021,09,1,1,12409
53394506,13,13113,2021,09,1,2,21192
53394506,13,13113,2021,09,2,0,30636
53394506,13,13113,2021,09,2,1,12010
53394506,13,13113,2021,09,2,2,20208
53393585,13,13113,2021,10,0,0,28907
53393585,13,13113,2021,10,0,1,23895
53393585,13,13113,2021,10,0,2,26602
53393585,13,13113,2021,10,1,0,54010
53393585,13,13113,2021,10,1,1,28727
53393585,13,13113,2021,10,1,2,40992
53393585,13,13113,2021,10,2,0,45913
53393585,13,13113,2021,10,2,1,27169
53393585,13,13113,2021,10,2,2,36350
53393586,13,13113,2021,10,0,0,33485
53393586,13,13113,2021,10,0,1,21934
53393586,13,13113,2021,10,0,2,27307
53393586,13,13113,2021,10,1,0,58012
53393586,13,13113,2021,10,1,1,25892
53393586,13,13113,2021,10,1,2,42023
53393586,13,13113,2021,10,2,0,50100
53393586,13,13113,2021,10,2,1,24615
53393586,13,13113,2021,10,2,2,37276
53393595,13,13113,2021,10,0,0,52917
53393595,13,13113,2021,10,0,1,24407
53393595,13,13113,2021,10,0,2,38224
53393595,13,13113,2021,10,1,0,62978
53393595,13,13113,2021,10,1,1,24257
53393595,13,13113,2021,10,1,2,43299
53393595,13,13113,2021,10,2,0,59733
53393595,13,13113,2021,10,2,1,24305
53393595,13,13113,2021,10,2,2,41662
53393596,13,13113,2021,10,0,0,63154
53393596,13,13113,2021,10,0,1,21032
53393596,13,13113,2021,10,0,2,40035
53393596,13,13113,2021,10,1,0,84771
53393596,13,13113,2021,10,1,1,26275
53393596,13,13113,2021,10,1,2,55444
53393596,13,13113,2021,10,2,0,77798
53393596,13,13113,2021,10,2,1,24584
53393596,13,13113,2021,10,2,2,50473
53394505,13,13113,2021,10,0,0,9968
53394505,13,13113,2021,10,0,1,6716
53394505,13,13113,2021,10,0,2,8253
53394505,13,13113,2021,10,1,0,11483
53394505,13,13113,2021,10,1,1,7530
53394505,13,13113,2021,10,1,2,9927
53394505,13,13113,2021,10,2,0,10995
53394505,13,13113,2021,10,2,1,7267
53394505,13,13113,2021,10,2,2,9387
53394506,13,13113,2021,10,0,0,30930
53394506,13,13113,2021,10,0,1,11369
53394506,13,13113,2021,10,0,2,19430
53394506,13,13113,2021,10,1,0,32248
53394506,13,13113,2021,10,1,1,13203
53394506,13,13113,2021,10,1,2,22018
53394506,13,13113,2021,10,2,0,31823
53394506,13,13113,2021,10,2,1,12611
53394506,13,13113,2021,10,2,2,21183
53393585,13,13113,2021,11,0,0,29440
53393585,13,13113,2021,11,0,1,24401
53393585,13,13113,2021,11,0,2,27168
53393585,13,13113,2021,11,1,0,55955
53393585,13,13113,2021,11,1,1,29380
53393585,13,13113,2021,11,1,2,42361
53393585,13,13113,2021,11,2,0,47117
53393585,13,13113,2021,11,2,1,27720
53393585,13,13113,2021,11,2,2,37297
53393586,13,13113,2021,11,0,0,33510
53393586,13,13113,2021,11,0,1,20228
53393586,13,13113,2021,11,0,2,26788
53393586,13,13113,2021,11,1,0,57966
53393586,13,13113,2021,11,1,1,25190
53393586,13,13113,2021,11,1,2,41874
53393586,13,13113,2021,11,2,0,49814
53393586,13,13113,2021,11,2,1,23536
53393586,13,13113,2021,11,2,2,36845
53393595,13,13113,2021,11,0,0,53714
53393595,13,13113,2021,11,0,1,25672
53393595,13,13113,2021,11,0,2,39333
53393595,13,13113,2021,11,1,0,65616
53393595,13,13113,2021,11,1,1,25754
53393595,13,13113,2021,11,1,2,45772
53393595,13,13113,2021,11,2,0,61648
53393595,13,13113,2021,11,2,1,25727
53393595,13,13113,2021,11,2,2,43626
53393596,13,13113,2021,11,0,0,68840
53393596,13,13113,2021,11,0,1,24027
53393596,13,13113,2021,11,0,2,44312
53393596,13,13113,2021,11,1,0,88815
53393596,13,13113,2021,11,1,1,28418
53393596,13,13113,2021,11,1,2,59148
53393596,13,13113,2021,11,2,0,82157
53393596,13,13113,2021,11,2,1,26954
53393596,13,13113,2021,11,2,2,54203
53394505,13,13113,2021,11,0,0,12146
53394505,13,13113,2021,11,0,1,7780
53394505,13,13113,2021,11,0,2,9591
53394505,13,13113,2021,11,1,0,11752
53394505,13,13113,2021,11,1,1,7615
53394505,13,13113,2021,11,1,2,10212
53394505,13,13113,2021,11,2,0,11883
53394505,13,13113,2021,11,2,1,7670
53394505,13,13113,2021,11,2,2,10005
53394506,13,13113,2021,11,0,0,37909
53394506,13,13113,2021,11,0,1,12989
53394506,13,13113,2021,11,0,2,22965
53394506,13,13113,2021,11,1,0,35334
53394506,13,13113,2021,11,1,1,13969
53394506,13,13113,2021,11,1,2,23808
53394506,13,13113,2021,11,2,0,36192
53394506,13,13113,2021,11,2,1,13642
53394506,13,13113,2021,11,2,2,23527
53393585,13,13113,2021,12,0,0,31104
53393585,13,13113,2021,12,0,1,25242
53393585,13,13113,2021,12,0,2,28768
53393585,13,13113,2021,12,1,0,51729
53393585,13,13113,2021,12,1,1,28070
53393585,13,13113,2021,12,1,2,39973
53393585,13,13113,2021,12,2,0,46407
53393585,13,13113,2021,12,2,1,27340
53393585,13,13113,2021,12,2,2,37081
53393586,13,13113,2021,12,0,0,33017
53393586,13,13113,2021,12,0,1,20996
53393586,13,13113,2021,12,0,2,27041
53393586,13,13113,2021,12,1,0,54444
53393586,13,13113,2021,12,1,1,24296
53393586,13,13113,2021,12,1,2,39891
53393586,13,13113,2021,12,2,0,48914
53393586,13,13113,2021,12,2,1,23445
53393586,13,13113,2021,12,2,2,36575
53393595,13,13113,2021,12,0,0,57908
53393595,13,13113,2021,12,0,1,25860
53393595,13,13113,2021,12,0,2,41855
53393595,13,13113,2021,12,1,0,64163
53393595,13,13113,2021,12,1,1,25899
53393595,13,13113,2021,12,1,2,45726
53393595,13,13113,2021,12,2,0,62549
53393595,13,13113,2021,12,2,1,25889
53393595,13,13113,2021,12,2,2,44727
53393596,13,13113,2021,12,0,0,72633
53393596,13,13113,2021,12,0,1,23731
53393596,13,13113,2021,12,0,2,47028
53393596,13,13113,2021,12,1,0,84298
53393596,13,13113,2021,12,1,1,27196
53393596,13,13113,2021,12,1,2,56728
53393596,13,13113,2021,12,2,0,81288
53393596,13,13113,2021,12,2,1,26302
53393596,13,13113,2021,12,2,2,54224
53394505,13,13113,2021,12,0,0,11700
53394505,13,13113,2021,12,0,1,6755
53394505,13,13113,2021,12,0,2,8978
53394505,13,13113,2021,12,1,0,11400
53394505,13,13113,2021,12,1,1,6688
53394505,13,13113,2021,12,1,2,9690
53394505,13,13113,2021,12,2,0,11478
53394505,13,13113,2021,12,2,1,6705
53394505,13,13113,2021,12,2,2,9506
53394506,13,13113,2021,12,0,0,38780
53394506,13,13113,2021,12,0,1,12667
53394506,13,13113,2021,12,0,2,23978
53394506,13,13113,2021,12,1,0,34386
53394506,13,13113,2021,12,1,1,13067
53394506,13,13113,2021,12,1,2,22995
53394506,13,13113,2021,12,2,0,35520
53394506,13,13113,2021,12,2,1,12964
53394506,13,13113,2021,12,2,2,23248
