step,time,weekday_abs,weekday_norm_peak,holiday_abs,holiday_norm_peak
0,00:00,112848,0.3035,97725,0.2628
1,00:10,111402,0.2996,98765,0.2656
2,00:20,109956,0.2957,99805,0.2684
3,00:30,108510,0.2918,100846,0.2712
4,00:40,107064,0.2879,101886,0.274
5,00:50,105618,0.2841,102926,0.2768
6,01:00,104172,0.2802,103966,0.2796
7,01:10,102005,0.2743,101606,0.2733
8,01:20,99839,0.2685,99246,0.2669
9,01:30,97672,0.2627,96886,0.2606
10,01:40,95505,0.2569,94526,0.2542
11,01:50,93338,0.251,92165,0.2479
12,02:00,91171,0.2452,89805,0.2415
13,02:10,90088,0.2423,88389,0.2377
14,02:20,89004,0.2394,86973,0.2339
15,02:30,87921,0.2365,85557,0.2301
16,02:40,86838,0.2335,84141,0.2263
17,02:50,85754,0.2306,82724,0.2225
18,03:00,84671,0.2277,81308,0.2187
19,03:10,85032,0.2287,81072,0.218
20,03:20,85393,0.2297,80836,0.2174
21,03:30,85754,0.2306,80600,0.2168
22,03:40,86115,0.2316,80364,0.2161
23,03:50,86477,0.2326,80128,0.2155
24,04:00,86838,0.2335,79892,0.2149
25,04:10,86478,0.2326,76964,0.207
26,04:20,86118,0.2316,74035,0.1991
27,04:30,85759,0.2306,71107,0.1912
28,04:40,85399,0.2297,68178,0.1834
29,04:50,85039,0.2287,65250,0.1755
30,05:00,84680,0.2277,62322,0.1676
31,05:10,91902,0.2472,64210,0.1727
32,05:20,99125,0.2666,66098,0.1778
33,05:30,106348,0.286,67986,0.1828
34,05:40,113570,0.3054,69874,0.1879
35,05:50,120793,0.3249,71762,0.193
36,06:00,128016,0.3443,73651,0.1981
37,06:10,139933,0.3763,76247,0.2051
38,06:20,151850,0.4084,78843,0.212
39,06:30,163768,0.4404,81439,0.219
40,06:40,175685,0.4725,84036,0.226
41,06:50,187603,0.5045,86632,0.233
42,07:00,199520,0.5366,89228,0.24
43,07:10,213966,0.5754,92532,0.2489
44,07:20,228411,0.6143,95837,0.2577
45,07:30,242856,0.6531,99141,0.2666
46,07:40,257302,0.692,102445,0.2755
47,07:50,271747,0.7308,105750,0.2844
48,08:00,286192,0.7697,109054,0.2933
49,08:10,293415,0.7891,113774,0.306
50,08:20,300638,0.8085,118495,0.3187
51,08:30,307861,0.828,123215,0.3314
52,08:40,315083,0.8474,127936,0.3441
53,08:50,322306,0.8668,132656,0.3568
54,09:00,329529,0.8862,137376,0.3695
55,09:10,332057,0.893,142097,0.3822
56,09:20,334584,0.8998,146817,0.3949
57,09:30,337112,0.9066,151538,0.4075
58,09:40,339640,0.9134,156258,0.4202
59,09:50,342168,0.9202,160979,0.4329
60,10:00,344696,0.927,165699,0.4456
61,10:10,347774,0.9353,170784,0.4593
62,10:20,350851,0.9436,175868,0.473
63,10:30,353929,0.9519,180953,0.4867
64,10:40,357006,0.9601,186037,0.5003
65,10:50,360084,0.9684,191122,0.514
66,11:00,363162,0.9767,196206,0.5277
67,11:10,362439,0.9747,198567,0.534
68,11:20,361717,0.9728,200927,0.5404
69,11:30,360995,0.9709,203287,0.5467
70,11:40,360273,0.9689,205647,0.5531
71,11:50,359550,0.967,208007,0.5594
72,12:00,358828,0.965,210368,0.5658
73,12:10,359550,0.967,212020,0.5702
74,12:20,360273,0.9689,213672,0.5747
75,12:30,360995,0.9709,215324,0.5791
76,12:40,361717,0.9728,216976,0.5835
77,12:50,362439,0.9747,218628,0.588
78,13:00,363162,0.9767,220281,0.5924
79,13:10,364606,0.9806,221461,0.5956
80,13:20,366051,0.9845,222641,0.5988
81,13:30,367495,0.9883,223821,0.6019
82,13:40,368940,0.9922,225001,0.6051
83,13:50,370384,0.9961,226181,0.6083
84,14:00,371829,1.0,227361,0.6115
85,14:10,367307,0.9878,226997,0.6105
86,14:20,362785,0.9757,226633,0.6095
87,14:30,358263,0.9635,226269,0.6085
88,14:40,353740,0.9514,225905,0.6076
89,14:50,349218,0.9392,225541,0.6066
90,15:00,344696,0.927,225177,0.6056
91,15:10,342168,0.9202,225177,0.6056
92,15:20,339640,0.9134,225177,0.6056
93,15:30,337112,0.9066,225177,0.6056
94,15:40,334584,0.8998,225177,0.6056
95,15:50,332057,0.893,225177,0.6056
96,16:00,329529,0.8862,225177,0.6056
97,16:10,325917,0.8765,224232,0.6031
98,16:20,322306,0.8668,223288,0.6005
99,16:30,318695,0.8571,222344,0.598
100,16:40,315083,0.8474,221400,0.5954
101,16:50,311472,0.8377,220456,0.5929
102,17:00,307861,0.828,219512,0.5904
103,17:10,306055,0.8231,218804,0.5885
104,17:20,304249,0.8183,218096,0.5865
105,17:30,302443,0.8134,217388,0.5846
106,17:40,300638,0.8085,216680,0.5827
107,17:50,298832,0.8037,215972,0.5808
108,18:00,297026,0.7988,215264,0.5789
109,18:10,295221,0.794,213611,0.5745
110,18:20,293415,0.7891,211959,0.57
111,18:30,291609,0.7843,210307,0.5656
112,18:40,289804,0.7794,208655,0.5612
113,18:50,287998,0.7745,207003,0.5567
114,19:00,286192,0.7697,205351,0.5523
115,19:10,280775,0.7551,202282,0.544
116,19:20,275358,0.7406,199214,0.5358
117,19:30,269941,0.726,196146,0.5275
118,19:40,264524,0.7114,193078,0.5193
119,19:50,259107,0.6968,190009,0.511
120,20:00,253690,0.6823,186941,0.5028
121,20:10,246468,0.6629,182221,0.4901
122,20:20,239245,0.6434,177500,0.4774
123,20:30,232022,0.624,172780,0.4647
124,20:40,224800,0.6046,168059,0.452
125,20:50,217577,0.5852,163339,0.4393
126,21:00,210354,0.5657,158618,0.4266
127,21:10,203854,0.5482,155078,0.4171
128,21:20,197353,0.5308,151538,0.4075
129,21:30,190853,0.5133,147997,0.398
130,21:40,184353,0.4958,144457,0.3885
131,21:50,177852,0.4783,140917,0.379
132,22:00,171352,0.4608,137376,0.3695
133,22:10,165574,0.4453,133836,0.3599
134,22:20,159795,0.4298,130296,0.3504
135,22:30,154017,0.4142,126755,0.3409
136,22:40,148239,0.3987,123215,0.3314
137,22:50,142461,0.3831,119675,0.3219
138,23:00,136683,0.3676,116134,0.3123
139,23:10,132710,0.3569,113066,0.3041
140,23:20,128738,0.3462,109998,0.2958
141,23:30,124765,0.3355,106930,0.2876
142,23:40,120793,0.3249,103861,0.2793
143,23:50,116820,0.3142,100793,0.2711
